time,status,err_px_x,err_px_y,err_deg_x,err_deg_y,pan_target,tilt_target,pan_angle,tilt_angle,confidence,fps
0.002,TRACKING,483,-76,24.90,-3.92,83.77,89.21,90.00,90.00,0.871,51.2
0.051,TRACKING,481,-76,24.80,-3.92,77.55,88.42,87.50,89.21,0.870,48.2
0.087,NO FACE,0,0,0.00,0.00,77.55,88.42,84.92,88.42,0.000,46.1
0.124,NO FACE,0,0,0.00,0.00,77.55,88.42,82.39,88.42,0.000,44.2
0.161,NO FACE,0,0,0.00,0.00,77.55,88.42,81.12,88.42,0.000,42.5
0.197,NO FACE,0,0,0.00,0.00,77.55,88.42,78.55,88.42,0.000,41.0
0.233,NO FACE,0,0,0.00,0.00,77.55,88.42,77.55,88.42,0.000,39.7
0.269,NO FACE,0,0,0.00,0.00,77.55,88.42,77.55,88.42,0.000,38.5
0.306,NO FACE,0,0,0.00,0.00,77.55,88.42,77.55,88.42,0.000,37.3
0.342,NO FACE,0,0,0.00,0.00,77.55,88.42,77.55,88.42,0.000,36.4
0.379,NO FACE,0,0,0.00,0.00,77.55,88.42,77.55,88.42,0.000,35.5
0.415,NO FACE,0,0,0.00,0.00,77.55,88.42,77.55,88.42,0.000,34.7
0.452,NO FACE,0,0,0.00,0.00,77.55,88.42,77.55,88.42,0.000,33.9
0.488,NO FACE,0,0,0.00,0.00,77.55,88.42,77.55,88.42,0.000,33.3
0.524,NO FACE,0,0,0.00,0.00,77.55,88.42,77.55,88.42,0.000,32.7
0.561,NO FACE,0,0,0.00,0.00,77.55,88.42,77.55,88.42,0.000,32.2
0.596,NO FACE,0,0,0.00,0.00,77.55,88.42,77.55,88.42,0.000,31.8
0.633,NO FACE,0,0,0.00,0.00,77.55,88.42,77.55,88.42,0.000,31.4
0.667,NO FACE,0,0,0.00,0.00,77.55,88.42,77.55,88.42,0.000,31.1
0.703,NO FACE,0,0,0.00,0.00,77.55,88.42,77.55,88.42,0.000,30.8
0.738,NO FACE,0,0,0.00,0.00,77.55,88.42,77.55,88.42,0.000,30.6
0.774,NO FACE,0,0,0.00,0.00,77.55,88.42,77.55,88.42,0.000,30.3
0.810,NO FACE,0,0,0.00,0.00,77.55,88.42,77.55,88.42,0.000,30.1
0.846,NO FACE,0,0,0.00,0.00,77.55,88.42,77.55,88.42,0.000,29.8
0.881,NO FACE,0,0,0.00,0.00,77.55,88.42,77.55,88.42,0.000,29.7
0.917,NO FACE,0,0,0.00,0.00,77.55,88.42,77.55,88.42,0.000,29.5
0.952,NO FACE,0,0,0.00,0.00,77.55,88.42,77.55,88.42,0.000,29.4
0.988,NO FACE,0,0,0.00,0.00,77.55,88.42,77.55,88.42,0.000,29.2
1.024,NO FACE,0,0,0.00,0.00,77.55,88.42,77.55,88.42,0.000,29.1
1.060,NO FACE,0,0,0.00,0.00,77.55,88.42,77.55,88.42,0.000,29.0
1.094,NO FACE,0,0,0.00,0.00,77.55,88.42,77.55,88.42,0.000,29.0
1.130,NO FACE,0,0,0.00,0.00,77.55,88.42,77.55,88.42,0.000,28.9
1.166,NO FACE,0,0,0.00,0.00,77.55,88.42,77.55,88.42,0.000,28.8
1.202,NO FACE,0,0,0.00,0.00,77.55,88.42,77.55,88.42,0.000,28.7
1.237,NO FACE,0,0,0.00,0.00,77.55,88.42,77.55,88.42,0.000,28.6
1.273,NO FACE,0,0,0.00,0.00,77.55,88.42,77.55,88.42,0.000,28.6
1.307,NO FACE,0,0,0.00,0.00,77.55,88.42,77.55,88.42,0.000,28.6
1.343,NO FACE,0,0,0.00,0.00,77.55,88.42,77.55,88.42,0.000,28.6
1.378,NO FACE,0,0,0.00,0.00,77.55,88.42,77.55,88.42,0.000,28.6
1.414,NO FACE,0,0,0.00,0.00,77.55,88.42,77.55,88.42,0.000,28.5
1.450,NO FACE,0,0,0.00,0.00,77.55,88.42,77.55,88.42,0.000,28.4
1.486,NO FACE,0,0,0.00,0.00,77.55,88.42,77.55,88.42,0.000,28.4
1.522,NO FACE,0,0,0.00,0.00,77.55,88.42,77.55,88.42,0.000,28.3
1.557,NO FACE,0,0,0.00,0.00,77.55,88.42,77.55,88.42,0.000,28.3
1.593,NO FACE,0,0,0.00,0.00,77.55,88.42,77.55,88.42,0.000,28.3
1.628,NO FACE,0,0,0.00,0.00,77.55,88.42,77.55,88.42,0.000,28.3
1.665,NO FACE,0,0,0.00,0.00,77.55,88.42,77.55,88.42,0.000,28.2
1.701,NO FACE,0,0,0.00,0.00,77.55,88.42,77.55,88.42,0.000,28.2
1.736,NO FACE,0,0,0.00,0.00,77.55,88.42,77.55,88.42,0.000,28.2
1.772,NO FACE,0,0,0.00,0.00,77.55,88.42,77.55,88.42,0.000,28.2
1.807,NO FACE,0,0,0.00,0.00,77.55,88.42,77.55,88.42,0.000,28.2
1.843,NO FACE,0,0,0.00,0.00,77.55,88.42,77.55,88.42,0.000,28.1
1.879,NO FACE,0,0,0.00,0.00,77.55,88.42,77.55,88.42,0.000,28.1
1.914,NO FACE,0,0,0.00,0.00,77.55,88.42,77.55,88.42,0.000,28.1
1.950,NO FACE,0,0,0.00,0.00,77.55,88.42,77.55,88.42,0.000,28.1
1.985,NO FACE,0,0,0.00,0.00,77.55,88.42,77.55,88.42,0.000,28.1
2.022,NO FACE,0,0,0.00,0.00,77.55,88.42,77.55,88.42,0.000,28.1
2.057,NO FACE,0,0,0.00,0.00,77.55,88.42,77.55,88.42,0.000,28.1
2.094,NO FACE,0,0,0.00,0.00,77.55,88.42,77.55,88.42,0.000,28.0
2.129,NO FACE,0,0,0.00,0.00,77.55,88.42,77.55,88.42,0.000,28.1
2.164,NO FACE,0,0,0.00,0.00,77.55,88.42,77.55,88.42,0.000,28.1
2.200,NO FACE,0,0,0.00,0.00,77.55,88.42,77.55,88.42,0.000,28.1
2.236,NO FACE,0,0,0.00,0.00,77.55,88.42,77.55,88.42,0.000,28.0
2.272,NO FACE,0,0,0.00,0.00,77.55,88.42,77.55,88.42,0.000,28.0
2.308,NO FACE,0,0,0.00,0.00,77.55,88.42,77.55,88.42,0.000,28.0
2.342,NO FACE,0,0,0.00,0.00,77.55,88.42,77.55,88.42,0.000,28.1
2.378,NO FACE,0,0,0.00,0.00,77.55,88.42,77.55,88.42,0.000,28.1
2.414,NO FACE,0,0,0.00,0.00,77.55,88.42,77.55,88.42,0.000,28.1
2.450,NO FACE,0,0,0.00,0.00,77.55,88.42,77.55,88.42,0.000,28.0
2.486,NO FACE,0,0,0.00,0.00,77.55,88.42,77.55,88.42,0.000,28.0
2.522,NO FACE,0,0,0.00,0.00,77.55,88.42,77.55,88.42,0.000,28.0
2.558,RECENTERING,0,0,0.00,0.00,90.00,90.00,77.55,88.42,0.000,28.0
2.593,RECENTERING,0,0,0.00,0.00,90.00,90.00,78.79,89.66,0.000,28.0
2.630,RECENTERING,0,0,0.00,0.00,90.00,90.00,80.08,90.00,0.000,27.9
2.666,RECENTERING,0,0,0.00,0.00,90.00,90.00,80.71,90.00,0.000,27.9
2.703,RECENTERING,0,0,0.00,0.00,90.00,90.00,81.95,90.00,0.000,27.8
2.737,RECENTERING,0,0,0.00,0.00,90.00,90.00,83.20,90.00,0.000,27.9
2.773,RECENTERING,0,0,0.00,0.00,90.00,90.00,84.43,90.00,0.000,28.0
2.808,RECENTERING,0,0,0.00,0.00,90.00,90.00,85.04,90.00,0.000,28.0
2.844,RECENTERING,0,0,0.00,0.00,90.00,90.00,86.32,90.00,0.000,28.0
2.880,RECENTERING,0,0,0.00,0.00,90.00,90.00,87.62,90.00,0.000,27.9
2.916,RECENTERING,0,0,0.00,0.00,90.00,90.00,88.25,90.00,0.000,27.9
2.951,RECENTERING,0,0,0.00,0.00,90.00,90.00,89.49,90.00,0.000,28.0
2.986,RECENTERING,0,0,0.00,0.00,90.00,90.00,90.00,90.00,0.000,28.0
3.022,RECENTERING,0,0,0.00,0.00,90.00,90.00,90.00,90.00,0.000,28.0
3.058,RECENTERING,0,0,0.00,0.00,90.00,90.00,90.00,90.00,0.000,28.0
3.094,RECENTERING,0,0,0.00,0.00,90.00,90.00,90.00,90.00,0.000,28.0
3.129,RECENTERING,0,0,0.00,0.00,90.00,90.00,90.00,90.00,0.000,28.0
3.165,RECENTERING,0,0,0.00,0.00,90.00,90.00,90.00,90.00,0.000,28.1
3.200,RECENTERING,0,0,0.00,0.00,90.00,90.00,90.00,90.00,0.000,28.1
3.236,RECENTERING,0,0,0.00,0.00,90.00,90.00,90.00,90.00,0.000,28.1
3.272,RECENTERING,0,0,0.00,0.00,90.00,90.00,90.00,90.00,0.000,28.0
3.308,RECENTERING,0,0,0.00,0.00,90.00,90.00,90.00,90.00,0.000,28.0
3.343,RECENTERING,0,0,0.00,0.00,90.00,90.00,90.00,90.00,0.000,28.0
3.379,RECENTERING,0,0,0.00,0.00,90.00,90.00,90.00,90.00,0.000,28.1
3.414,RECENTERING,0,0,0.00,0.00,90.00,90.00,90.00,90.00,0.000,28.1
3.450,RECENTERING,0,0,0.00,0.00,90.00,90.00,90.00,90.00,0.000,28.1
3.486,RECENTERING,0,0,0.00,0.00,90.00,90.00,90.00,90.00,0.000,28.0
3.523,RECENTERING,0,0,0.00,0.00,90.00,90.00,90.00,90.00,0.000,27.9
3.558,RECENTERING,0,0,0.00,0.00,90.00,90.00,90.00,90.00,0.000,28.0
3.594,RECENTERING,0,0,0.00,0.00,90.00,90.00,90.00,90.00,0.000,28.0
3.629,RECENTERING,0,0,0.00,0.00,90.00,90.00,90.00,90.00,0.000,28.0
3.665,RECENTERING,0,0,0.00,0.00,90.00,90.00,90.00,90.00,0.000,28.0
3.701,RECENTERING,0,0,0.00,0.00,90.00,90.00,90.00,90.00,0.000,28.0
3.737,RECENTERING,0,0,0.00,0.00,90.00,90.00,90.00,90.00,0.000,27.9
3.772,RECENTERING,0,0,0.00,0.00,90.00,90.00,90.00,90.00,0.000,28.0
3.807,RECENTERING,0,0,0.00,0.00,90.00,90.00,90.00,90.00,0.000,28.1
3.842,RECENTERING,0,0,0.00,0.00,90.00,90.00,90.00,90.00,0.000,28.1
3.878,RECENTERING,0,0,0.00,0.00,90.00,90.00,90.00,90.00,0.000,28.1
3.914,RECENTERING,0,0,0.00,0.00,90.00,90.00,90.00,90.00,0.000,28.1
3.951,RECENTERING,0,0,0.00,0.00,90.00,90.00,90.00,90.00,0.000,28.0
3.985,RECENTERING,0,0,0.00,0.00,90.00,90.00,90.00,90.00,0.000,28.1
4.021,RECENTERING,0,0,0.00,0.00,90.00,90.00,90.00,90.00,0.000,28.1
4.056,RECENTERING,0,0,0.00,0.00,90.00,90.00,90.00,90.00,0.000,28.1
4.092,RECENTERING,0,0,0.00,0.00,90.00,90.00,90.00,90.00,0.000,28.1
4.128,RECENTERING,0,0,0.00,0.00,90.00,90.00,90.00,90.00,0.000,28.1
4.164,RECENTERING,0,0,0.00,0.00,90.00,90.00,90.00,90.00,0.000,28.1
4.199,RECENTERING,0,0,0.00,0.00,90.00,90.00,90.00,90.00,0.000,28.1
4.234,RECENTERING,0,0,0.00,0.00,90.00,90.00,90.00,90.00,0.000,28.1
4.269,RECENTERING,0,0,0.00,0.00,90.00,90.00,90.00,90.00,0.000,28.1
4.306,RECENTERING,0,0,0.00,0.00,90.00,90.00,90.00,90.00,0.000,28.1
4.341,RECENTERING,0,0,0.00,0.00,90.00,90.00,90.00,90.00,0.000,28.1
4.377,RECENTERING,0,0,0.00,0.00,90.00,90.00,90.00,90.00,0.000,28.1
4.411,RECENTERING,0,0,0.00,0.00,90.00,90.00,90.00,90.00,0.000,28.2
4.447,RECENTERING,0,0,0.00,0.00,90.00,90.00,90.00,90.00,0.000,28.2
4.482,RECENTERING,0,0,0.00,0.00,90.00,90.00,90.00,90.00,0.000,28.2
4.519,RECENTERING,0,0,0.00,0.00,90.00,90.00,90.00,90.00,0.000,28.1
4.555,RECENTERING,0,0,0.00,0.00,90.00,90.00,90.00,90.00,0.000,28.0
4.590,RECENTERING,0,0,0.00,0.00,90.00,90.00,90.00,90.00,0.000,28.1
4.625,RECENTERING,0,0,0.00,0.00,90.00,90.00,90.00,90.00,0.000,28.1
4.661,RECENTERING,0,0,0.00,0.00,90.00,90.00,90.00,90.00,0.000,28.1
4.697,RECENTERING,0,0,0.00,0.00,90.00,90.00,90.00,90.00,0.000,28.1
4.732,RECENTERING,0,0,0.00,0.00,90.00,90.00,90.00,90.00,0.000,28.1
4.768,RECENTERING,0,0,0.00,0.00,90.00,90.00,90.00,90.00,0.000,28.1
4.804,RECENTERING,0,0,0.00,0.00,90.00,90.00,90.00,90.00,0.000,28.1
4.839,RECENTERING,0,0,0.00,0.00,90.00,90.00,90.00,90.00,0.000,28.1
4.875,RECENTERING,0,0,0.00,0.00,90.00,90.00,90.00,90.00,0.000,28.1
4.911,RECENTERING,0,0,0.00,0.00,90.00,90.00,90.00,90.00,0.000,28.1
4.946,RECENTERING,0,0,0.00,0.00,90.00,90.00,90.00,90.00,0.000,28.1
4.982,RECENTERING,0,0,0.00,0.00,90.00,90.00,90.00,90.00,0.000,28.1
5.018,RECENTERING,0,0,0.00,0.00,90.00,90.00,90.00,90.00,0.000,28.1
5.053,RECENTERING,0,0,0.00,0.00,90.00,90.00,90.00,90.00,0.000,28.1
5.088,RECENTERING,0,0,0.00,0.00,90.00,90.00,90.00,90.00,0.000,28.1
5.124,RECENTERING,0,0,0.00,0.00,90.00,90.00,90.00,90.00,0.000,28.1
5.160,RECENTERING,0,0,0.00,0.00,90.00,90.00,90.00,90.00,0.000,28.1
5.196,RECENTERING,0,0,0.00,0.00,90.00,90.00,90.00,90.00,0.000,28.0
5.231,RECENTERING,0,0,0.00,0.00,90.00,90.00,90.00,90.00,0.000,28.1
5.266,RECENTERING,0,0,0.00,0.00,90.00,90.00,90.00,90.00,0.000,28.1
5.302,RECENTERING,0,0,0.00,0.00,90.00,90.00,90.00,90.00,0.000,28.1
5.337,RECENTERING,0,0,0.00,0.00,90.00,90.00,90.00,90.00,0.000,28.1
5.374,RECENTERING,0,0,0.00,0.00,90.00,90.00,90.00,90.00,0.000,28.1
5.410,RECENTERING,0,0,0.00,0.00,90.00,90.00,90.00,90.00,0.000,28.0
5.445,RECENTERING,0,0,0.00,0.00,90.00,90.00,90.00,90.00,0.000,28.1
5.480,RECENTERING,0,0,0.00,0.00,90.00,90.00,90.00,90.00,0.000,28.1
5.516,RECENTERING,0,0,0.00,0.00,90.00,90.00,90.00,90.00,0.000,28.1
5.552,RECENTERING,0,0,0.00,0.00,90.00,90.00,90.00,90.00,0.000,28.0
5.588,RECENTERING,0,0,0.00,0.00,90.00,90.00,90.00,90.00,0.000,28.0
5.624,RECENTERING,0,0,0.00,0.00,90.00,90.00,90.00,90.00,0.000,28.0
5.660,RECENTERING,0,0,0.00,0.00,90.00,90.00,90.00,90.00,0.000,28.0
5.695,RECENTERING,0,0,0.00,0.00,90.00,90.00,90.00,90.00,0.000,28.1
5.731,RECENTERING,0,0,0.00,0.00,90.00,90.00,90.00,90.00,0.000,28.0
5.767,RECENTERING,0,0,0.00,0.00,90.00,90.00,90.00,90.00,0.000,28.0
5.803,RECENTERING,0,0,0.00,0.00,90.00,90.00,90.00,90.00,0.000,28.0
5.838,RECENTERING,0,0,0.00,0.00,90.00,90.00,90.00,90.00,0.000,28.0
5.874,RECENTERING,0,0,0.00,0.00,90.00,90.00,90.00,90.00,0.000,28.0
5.910,RECENTERING,0,0,0.00,0.00,90.00,90.00,90.00,90.00,0.000,28.0
5.947,RECENTERING,0,0,0.00,0.00,90.00,90.00,90.00,90.00,0.000,27.9
5.983,RECENTERING,0,0,0.00,0.00,90.00,90.00,90.00,90.00,0.000,27.9
6.020,RECENTERING,0,0,0.00,0.00,90.00,90.00,90.00,90.00,0.000,27.8
6.056,SEARCHING,0,0,0.00,0.00,170.00,90.00,90.00,90.00,0.000,27.8
6.092,SEARCHING,0,0,0.00,0.00,170.00,90.00,91.21,90.00,0.000,27.8
6.128,SEARCHING,0,0,0.00,0.00,170.00,90.00,91.84,90.00,0.000,27.8
6.164,SEARCHING,0,0,0.00,0.00,170.00,90.00,93.08,90.00,0.000,27.8
6.200,SEARCHING,0,0,0.00,0.00,170.00,90.00,94.32,90.00,0.000,27.8
6.236,SEARCHING,0,0,0.00,0.00,170.00,90.00,95.59,90.00,0.000,27.8
6.271,SEARCHING,0,0,0.00,0.00,170.00,90.00,96.20,90.00,0.000,27.8
6.307,SEARCHING,0,0,0.00,0.00,170.00,90.00,97.44,90.00,0.000,27.8
6.345,SEARCHING,0,0,0.00,0.00,170.00,90.00,98.76,90.00,0.000,27.7
6.383,SEARCHING,0,0,0.00,0.00,170.00,90.00,99.98,90.00,0.000,27.6
6.418,SEARCHING,0,0,0.00,0.00,170.00,90.00,100.61,90.00,0.000,27.6
6.454,SEARCHING,0,0,0.00,0.00,170.00,90.00,101.85,90.00,0.000,27.7
6.489,SEARCHING,0,0,0.00,0.00,170.00,90.00,103.08,90.00,0.000,27.7
6.526,SEARCHING,0,0,0.00,0.00,170.00,90.00,104.36,90.00,0.000,27.7
6.562,SEARCHING,0,0,0.00,0.00,170.00,90.00,104.97,90.00,0.000,27.7
6.598,SEARCHING,0,0,0.00,0.00,170.00,90.00,106.20,90.00,0.000,27.7
6.634,SEARCHING,0,0,0.00,0.00,170.00,90.00,107.44,90.00,0.000,27.7
6.670,SEARCHING,0,0,0.00,0.00,170.00,90.00,108.10,90.00,0.000,27.7
6.707,SEARCHING,0,0,0.00,0.00,170.00,90.00,109.33,90.00,0.000,27.7
6.742,SEARCHING,0,0,0.00,0.00,170.00,90.00,110.56,90.00,0.000,27.7
6.779,SEARCHING,0,0,0.00,0.00,170.00,90.00,111.79,90.00,0.000,27.7
6.813,SEARCHING,0,0,0.00,0.00,170.00,90.00,112.40,90.00,0.000,27.8
6.850,SEARCHING,0,0,0.00,0.00,170.00,90.00,113.64,90.00,0.000,27.8
6.886,SEARCHING,0,0,0.00,0.00,170.00,90.00,114.90,90.00,0.000,27.8
6.922,SEARCHING,0,0,0.00,0.00,170.00,90.00,116.14,90.00,0.000,27.7
6.959,SEARCHING,0,0,0.00,0.00,170.00,90.00,116.78,90.00,0.000,27.7
6.995,SEARCHING,0,0,0.00,0.00,170.00,90.00,118.02,90.00,0.000,27.7
7.030,SEARCHING,0,0,0.00,0.00,170.00,90.00,119.26,90.00,0.000,27.8
7.065,SEARCHING,0,0,0.00,0.00,170.00,90.00,120.50,90.00,0.000,27.8
7.102,SEARCHING,0,0,0.00,0.00,170.00,90.00,121.11,90.00,0.000,27.8
7.138,SEARCHING,0,0,0.00,0.00,170.00,90.00,122.38,90.00,0.000,27.8
7.175,SEARCHING,0,0,0.00,0.00,170.00,90.00,123.63,90.00,0.000,27.7
7.210,SEARCHING,0,0,0.00,0.00,170.00,90.00,124.87,90.00,0.000,27.8
7.246,SEARCHING,0,0,0.00,0.00,170.00,90.00,125.49,90.00,0.000,27.7
7.282,SEARCHING,0,0,0.00,0.00,170.00,90.00,126.72,90.00,0.000,27.8
7.319,SEARCHING,0,0,0.00,0.00,170.00,90.00,127.96,90.00,0.000,27.7
7.355,SEARCHING,0,0,0.00,0.00,170.00,90.00,129.19,90.00,0.000,27.7
7.390,SEARCHING,0,0,0.00,0.00,170.00,90.00,129.80,90.00,0.000,27.8
7.426,SEARCHING,0,0,0.00,0.00,170.00,90.00,131.05,90.00,0.000,27.8
7.461,TRACKING,497,145,25.63,7.47,163.59,91.50,132.29,90.00,0.728,27.8
7.498,NO FACE,0,0,0.00,0.00,163.59,91.50,133.57,91.28,0.000,27.8
7.534,TRACKING,453,182,23.36,9.38,157.32,93.09,136.23,91.50,0.675,27.7
7.571,TRACKING,439,196,22.64,10.10,151.20,94.80,138.83,93.09,0.780,27.7
7.608,TRACKING,403,198,20.78,10.20,145.31,96.58,140.09,94.35,0.694,27.7
7.644,NO FACE,0,0,0.00,0.00,145.31,96.58,142.75,96.58,0.000,27.7
7.680,TRACKING,396,183,20.42,9.43,139.62,98.39,145.31,96.58,0.741,27.7
7.716,TRACKING,386,167,19.90,8.61,134.10,100.18,144.04,97.86,0.862,27.7
7.753,TRACKING,381,168,19.65,8.66,128.74,101.96,141.42,100.18,0.898,27.6
7.788,TRACKING,368,165,18.97,8.50,123.53,103.72,138.76,101.96,0.873,27.7
7.825,TRACKING,362,153,18.67,7.88,118.45,105.43,137.47,103.25,0.893,27.7
7.861,TRACKING,347,152,17.89,7.83,113.52,107.11,134.87,105.43,0.887,27.7
7.897,TRACKING,318,146,16.40,7.52,108.80,108.74,132.24,107.11,0.879,27.6
7.935,TRACKING,307,144,15.83,7.42,104.27,110.34,130.97,108.38,0.852,27.6
7.971,TRACKING,269,149,13.87,7.68,100.00,111.92,128.41,109.99,0.909,27.5
8.006,TRACKING,268,136,13.82,7.01,95.94,113.46,125.79,111.92,0.890,27.6
8.042,TRACKING,255,131,13.15,6.75,92.07,114.95,124.53,113.18,0.899,27.7
8.078,TRACKING,234,122,12.07,6.29,88.41,116.38,121.86,114.95,0.908,27.7
8.114,TRACKING,222,117,11.45,6.03,84.96,117.76,119.30,116.38,0.894,27.7
8.150,TRACKING,213,101,10.98,5.20,81.67,119.05,118.04,117.64,0.907,27.7
8.186,TRACKING,194,98,10.00,5.05,78.59,120.28,115.33,119.05,0.899,27.8
8.226,TRACKING,183,87,9.44,4.48,75.68,121.42,112.71,120.28,0.903,27.4
8.272,TRACKING,177,83,9.13,4.28,72.93,122.49,110.10,121.42,0.893,26.9
8.321,TRACKING,167,58,8.61,2.99,70.33,123.44,107.56,122.49,0.897,26.2
8.371,TRACKING,150,57,7.73,2.94,67.89,124.30,103.74,123.44,0.916,25.6
8.422,TRACKING,135,54,6.96,2.78,65.63,125.00,101.19,124.30,0.914,25.0
8.472,TRACKING,123,58,6.34,2.99,63.53,125.00,98.66,125.00,0.919,24.5
8.522,TRACKING,120,62,6.19,3.19,61.58,125.00,94.82,125.00,0.916,24.0
8.573,TRACKING,102,72,5.26,3.71,59.78,125.00,92.30,125.00,0.913,23.6
8.623,TRACKING,89,76,4.59,3.92,58.14,125.00,88.50,125.00,0.910,23.2
8.674,TRACKING,68,82,3.51,4.23,56.70,125.00,86.00,125.00,0.910,22.9
8.722,TRACKING,48,85,2.47,4.38,55.46,125.00,83.36,125.00,0.881,22.7
8.769,TRACKING,27,87,1.39,4.48,54.44,125.00,80.84,125.00,0.888,22.5
8.811,TRACKING,8,92,0.41,4.74,53.65,125.00,78.26,125.00,0.867,22.6
8.853,TRACKING,-3,98,-0.15,5.05,53.65,125.00,75.75,125.00,0.812,22.8
8.893,TRACKING,-22,104,-1.13,5.36,53.65,125.00,73.19,125.00,0.734,23.0
8.932,TRACKING,-33,106,-1.70,5.46,53.65,125.00,70.67,125.00,0.844,23.2
8.970,TRACKING,-49,108,-2.53,5.56,53.65,125.00,68.08,125.00,0.902,23.6
9.007,TRACKING,-59,108,-3.04,5.56,53.65,125.00,65.55,125.00,0.886,23.9
9.043,TRACKING,-74,109,-3.82,5.62,53.65,125.00,64.29,125.00,0.895,24.3
9.079,TRACKING,-78,110,-4.02,5.67,53.65,125.00,61.73,125.00,0.901,24.7
9.115,TRACKING,-85,109,-4.38,5.62,54.34,125.00,59.18,125.00,0.896,25.0
9.150,TRACKING,-98,113,-5.05,5.82,55.17,125.00,57.92,125.00,0.905,25.3
9.185,TRACKING,-108,110,-5.57,5.67,56.14,125.00,55.28,125.00,0.896,25.6
9.220,TRACKING,-111,110,-5.72,5.67,57.23,125.00,56.14,125.00,0.896,25.9
9.255,TRACKING,-116,110,-5.98,5.67,58.42,125.00,57.23,125.00,0.896,26.2
9.291,TRACKING,-118,111,-6.08,5.72,59.70,125.00,58.42,125.00,0.895,26.4
9.326,TRACKING,-114,115,-5.88,5.93,61.02,125.00,59.70,125.00,0.893,26.6
9.361,TRACKING,-110,118,-5.67,6.08,62.37,125.00,60.91,125.00,0.890,26.8
9.396,TRACKING,-100,118,-5.16,6.08,63.71,125.00,62.37,125.00,0.891,27.0
9.431,TRACKING,-97,119,-5.00,6.13,65.02,125.00,63.71,125.00,0.895,27.1
9.465,TRACKING,-91,117,-4.69,6.03,66.30,125.00,64.92,125.00,0.898,27.3
9.500,TRACKING,-78,119,-4.02,6.13,67.51,125.00,66.30,125.00,0.889,27.5
9.534,TRACKING,-66,120,-3.40,6.18,68.63,125.00,67.51,125.00,0.889,27.6
9.570,TRACKING,-52,118,-2.68,6.08,69.65,125.00,68.63,125.00,0.889,27.7
9.604,TRACKING,-40,120,-2.06,6.18,70.53,125.00,69.65,125.00,0.899,27.8
9.639,TRACKING,-33,121,-1.70,6.23,71.31,125.00,70.53,125.00,0.902,27.9
9.674,TRACKING,-26,121,-1.34,6.23,71.97,125.00,71.31,125.00,0.903,28.0
9.709,TRACKING,-19,121,-0.98,6.23,71.97,125.00,71.97,125.00,0.897,28.0
9.744,TRACKING,-14,119,-0.72,6.13,71.97,125.00,71.97,125.00,0.891,28.1
9.779,TRACKING,-11,121,-0.57,6.23,71.97,125.00,71.97,125.00,0.899,28.2
9.814,TRACKING,-10,121,-0.52,6.23,71.97,125.00,71.97,125.00,0.899,28.2
9.849,TRACKING,-9,121,-0.46,6.23,71.97,125.00,71.97,125.00,0.900,28.2
9.884,TRACKING,-8,120,-0.41,6.18,71.97,125.00,71.97,125.00,0.899,28.2
9.919,TRACKING,-7,120,-0.36,6.18,71.97,125.00,71.97,125.00,0.896,28.3
9.955,TRACKING,-7,119,-0.36,6.13,71.97,125.00,71.97,125.00,0.894,28.3
9.990,TRACKING,-3,120,-0.15,6.18,71.97,125.00,71.97,125.00,0.896,28.3
10.026,TRACKING,-3,121,-0.15,6.23,71.97,125.00,71.97,125.00,0.898,28.2
10.061,TRACKING,-2,120,-0.10,6.18,71.97,125.00,71.97,125.00,0.897,28.2
10.097,TRACKING,-1,120,-0.05,6.18,71.97,125.00,71.97,125.00,0.897,28.2
10.133,TRACKING,-1,121,-0.05,6.23,71.97,125.00,71.97,125.00,0.897,28.2
10.169,TRACKING,-1,121,-0.05,6.23,71.97,125.00,71.97,125.00,0.895,28.1
10.205,TRACKING,0,120,0.00,6.18,71.97,125.00,71.97,125.00,0.896,28.1
10.240,TRACKING,0,120,0.00,6.18,71.97,125.00,71.97,125.00,0.897,28.1
10.276,TRACKING,0,120,0.00,6.18,71.97,125.00,71.97,125.00,0.897,28.1
10.312,TRACKING,0,119,0.00,6.13,71.97,125.00,71.97,125.00,0.896,28.1
10.349,TRACKING,0,120,0.00,6.18,71.97,125.00,71.97,125.00,0.895,28.0
10.386,TRACKING,1,120,0.05,6.18,71.97,125.00,71.97,125.00,0.896,27.9
10.423,TRACKING,1,119,0.05,6.13,71.97,125.00,71.97,125.00,0.898,27.8
10.460,TRACKING,1,120,0.05,6.18,71.97,125.00,71.97,125.00,0.897,27.7
10.497,TRACKING,4,119,0.21,6.13,71.97,125.00,71.97,125.00,0.899,27.7
10.533,TRACKING,4,120,0.21,6.18,71.97,125.00,71.97,125.00,0.899,27.6
10.570,TRACKING,4,121,0.21,6.23,71.97,125.00,71.97,125.00,0.902,27.6
10.605,TRACKING,6,121,0.31,6.23,71.97,125.00,71.97,125.00,0.901,27.7
10.641,TRACKING,7,122,0.36,6.29,71.97,125.00,71.97,125.00,0.900,27.7
10.677,TRACKING,6,121,0.31,6.23,71.97,125.00,71.97,125.00,0.901,27.7
10.712,TRACKING,6,121,0.31,6.23,71.97,125.00,71.97,125.00,0.901,27.8
10.747,TRACKING,6,121,0.31,6.23,71.97,125.00,71.97,125.00,0.901,27.9
10.782,TRACKING,6,122,0.31,6.29,71.97,125.00,71.97,125.00,0.901,28.0
10.817,TRACKING,6,121,0.31,6.23,71.97,125.00,71.97,125.00,0.900,28.0
10.851,TRACKING,6,121,0.31,6.23,71.97,125.00,71.97,125.00,0.900,28.1
10.886,TRACKING,7,122,0.36,6.29,71.97,125.00,71.97,125.00,0.900,28.2
10.920,TRACKING,7,122,0.36,6.29,71.97,125.00,71.97,125.00,0.899,28.3
10.955,TRACKING,6,122,0.31,6.29,71.97,125.00,71.97,125.00,0.900,28.3
10.990,TRACKING,7,122,0.36,6.29,71.97,125.00,71.97,125.00,0.899,28.3
11.025,TRACKING,7,121,0.36,6.23,71.97,125.00,71.97,125.00,0.898,28.4
11.060,TRACKING,6,121,0.31,6.23,71.97,125.00,71.97,125.00,0.899,28.4
11.094,TRACKING,7,121,0.36,6.23,71.97,125.00,71.97,125.00,0.897,28.5
11.129,TRACKING,7,121,0.36,6.23,71.97,125.00,71.97,125.00,0.898,28.5
11.163,TRACKING,7,121,0.36,6.23,71.97,125.00,71.97,125.00,0.897,28.6
11.198,TRACKING,6,121,0.31,6.23,71.97,125.00,71.97,125.00,0.899,28.6
11.233,TRACKING,6,120,0.31,6.18,71.97,125.00,71.97,125.00,0.898,28.6
11.268,TRACKING,6,120,0.31,6.18,71.97,125.00,71.97,125.00,0.897,28.6
11.302,TRACKING,2,121,0.10,6.23,71.97,125.00,71.97,125.00,0.896,28.6
11.337,TRACKING,1,122,0.05,6.29,71.97,125.00,71.97,125.00,0.898,28.7
11.372,TRACKING,0,122,0.00,6.29,71.97,125.00,71.97,125.00,0.896,28.7
11.406,TRACKING,-1,123,-0.05,6.34,71.97,125.00,71.97,125.00,0.900,28.7
11.441,TRACKING,-3,124,-0.15,6.39,71.97,125.00,71.97,125.00,0.900,28.7
11.476,TRACKING,-9,127,-0.46,6.54,71.97,125.00,71.97,125.00,0.898,28.7
11.512,TRACKING,-14,126,-0.72,6.49,71.97,125.00,71.97,125.00,0.901,28.6
11.546,TRACKING,-17,128,-0.88,6.60,71.97,125.00,71.97,125.00,0.901,28.7
11.580,TRACKING,-24,130,-1.24,6.70,71.97,125.00,71.97,125.00,0.903,28.7
11.615,TRACKING,-30,129,-1.55,6.65,71.97,125.00,71.97,125.00,0.909,28.7
11.650,TRACKING,-35,132,-1.80,6.80,71.97,125.00,71.97,125.00,0.912,28.7
11.685,TRACKING,-43,135,-2.22,6.96,71.97,125.00,71.97,125.00,0.905,28.7
11.720,TRACKING,-51,136,-2.63,7.01,71.97,125.00,71.97,125.00,0.910,28.7
11.755,TRACKING,-58,138,-2.99,7.11,71.97,125.00,71.97,125.00,0.913,28.7
11.790,TRACKING,-65,138,-3.35,7.11,71.97,125.00,71.97,125.00,0.913,28.7
11.824,TRACKING,-75,141,-3.87,7.27,72.66,125.00,71.97,125.00,0.906,28.7
11.859,TRACKING,-84,139,-4.33,7.16,73.44,125.00,72.66,125.00,0.914,28.7
11.894,TRACKING,-93,142,-4.80,7.32,74.34,125.00,73.44,125.00,0.912,28.7
11.929,TRACKING,-98,144,-5.05,7.42,75.32,125.00,74.34,125.00,0.914,28.7
11.964,TRACKING,-96,146,-4.95,7.52,76.37,125.00,75.32,125.00,0.907,28.7
11.999,TRACKING,-103,150,-5.31,7.73,77.49,125.00,76.37,125.00,0.905,28.7
12.033,TRACKING,-103,151,-5.31,7.78,78.66,125.00,77.49,125.00,0.903,28.7
12.068,TRACKING,-104,154,-5.36,7.94,79.88,125.00,78.66,125.00,0.903,28.7
12.103,TRACKING,-104,157,-5.36,8.09,81.13,125.00,79.88,125.00,0.904,28.7
12.138,TRACKING,-100,157,-5.16,8.09,82.39,125.00,81.13,125.00,0.906,28.7
12.174,TRACKING,-97,158,-5.00,8.14,83.64,125.00,82.39,125.00,0.911,28.6
12.211,TRACKING,-94,161,-4.85,8.30,84.89,125.00,83.60,125.00,0.912,28.5
12.247,TRACKING,-93,162,-4.80,8.35,86.13,125.00,84.89,125.00,0.918,28.4
12.283,TRACKING,-90,163,-4.64,8.40,87.35,125.00,86.13,125.00,0.916,28.3
12.319,TRACKING,-81,164,-4.18,8.45,88.52,125.00,87.35,125.00,0.908,28.3
12.355,TRACKING,-77,164,-3.97,8.45,89.65,125.00,88.52,125.00,0.906,28.2
12.391,TRACKING,-78,163,-4.02,8.40,90.75,125.00,89.65,125.00,0.907,28.1
12.428,TRACKING,-72,167,-3.71,8.61,91.81,125.00,90.75,125.00,0.909,28.1
12.465,TRACKING,-65,165,-3.35,8.50,92.82,125.00,91.81,125.00,0.912,28.0
12.503,TRACKING,-64,165,-3.30,8.50,93.78,125.00,92.82,125.00,0.915,27.8
12.540,TRACKING,-59,163,-3.04,8.40,94.69,125.00,93.78,125.00,0.913,27.7
12.576,TRACKING,-56,163,-2.89,8.40,95.55,125.00,94.69,125.00,0.914,27.7
12.613,TRACKING,-53,164,-2.73,8.45,96.37,125.00,95.55,125.00,0.911,27.7
12.650,TRACKING,-46,163,-2.37,8.40,97.13,125.00,96.37,125.00,0.908,27.6
12.686,TRACKING,-43,162,-2.22,8.35,97.84,125.00,97.13,125.00,0.912,27.6
12.722,TRACKING,-44,162,-2.27,8.35,98.52,125.00,97.84,125.00,0.913,27.6
12.757,TRACKING,-41,163,-2.11,8.40,99.16,125.00,98.52,125.00,0.912,27.7
12.792,TRACKING,-48,164,-2.47,8.45,99.80,125.00,99.16,125.00,0.909,27.8
12.827,TRACKING,-52,165,-2.68,8.50,100.44,125.00,99.80,125.00,0.912,27.9
12.862,TRACKING,-55,165,-2.84,8.50,101.10,125.00,100.44,125.00,0.912,27.9
12.897,TRACKING,-59,165,-3.04,8.50,101.79,125.00,101.10,125.00,0.914,28.0
12.932,TRACKING,-61,168,-3.15,8.66,102.50,125.00,101.79,125.00,0.907,28.1
12.967,TRACKING,-64,166,-3.30,8.55,103.24,125.00,102.50,125.00,0.906,28.1
13.002,TRACKING,-70,167,-3.61,8.61,104.02,125.00,103.24,125.00,0.908,28.1
13.038,TRACKING,-76,169,-3.92,8.71,104.85,125.00,104.02,125.00,0.904,28.1
13.074,TRACKING,-79,170,-4.07,8.76,105.73,125.00,104.85,125.00,0.901,28.1
13.110,TRACKING,-83,169,-4.28,8.71,106.65,125.00,105.73,125.00,0.903,28.0
13.146,TRACKING,-89,169,-4.59,8.71,107.64,125.00,106.65,125.00,0.910,28.0
13.183,TRACKING,-90,170,-4.64,8.76,108.66,125.00,107.64,125.00,0.907,27.9
13.219,TRACKING,-93,171,-4.80,8.81,109.74,125.00,108.66,125.00,0.904,27.9
13.256,TRACKING,-94,171,-4.85,8.81,110.84,125.00,109.74,125.00,0.904,27.8
13.292,TRACKING,-96,171,-4.95,8.81,111.99,125.00,110.84,125.00,0.906,27.8
13.329,TRACKING,-97,171,-5.00,8.81,113.15,125.00,111.99,125.00,0.907,27.7
13.366,TRACKING,-96,171,-4.95,8.81,114.34,125.00,113.15,125.00,0.907,27.6
13.402,TRACKING,-94,172,-4.85,8.86,115.54,125.00,114.34,125.00,0.906,27.7
13.438,TRACKING,-93,172,-4.80,8.86,116.74,125.00,115.54,125.00,0.906,27.7
13.474,TRACKING,-92,172,-4.74,8.86,117.93,125.00,116.74,125.00,0.909,27.7
13.512,TRACKING,-88,172,-4.54,8.86,119.11,125.00,117.93,125.00,0.907,27.6
13.548,TRACKING,-87,170,-4.49,8.76,120.28,125.00,119.11,125.00,0.906,27.6
13.585,TRACKING,-85,171,-4.38,8.81,121.43,125.00,120.28,125.00,0.905,27.5
13.622,TRACKING,-82,172,-4.23,8.86,122.56,125.00,121.43,125.00,0.904,27.5
13.658,TRACKING,-82,172,-4.23,8.86,123.67,125.00,122.56,125.00,0.906,27.5
13.694,TRACKING,-79,169,-4.07,8.71,124.76,125.00,123.67,125.00,0.904,27.5
13.730,TRACKING,-74,169,-3.82,8.71,125.81,125.00,124.76,125.00,0.910,27.5
13.765,TRACKING,-72,169,-3.71,8.71,126.84,125.00,125.81,125.00,0.907,27.6
13.801,TRACKING,-71,169,-3.66,8.71,127.83,125.00,126.84,125.00,0.908,27.7
13.837,TRACKING,-66,167,-3.40,8.61,128.80,125.00,127.83,125.00,0.907,27.7
13.873,TRACKING,-65,167,-3.35,8.61,129.73,125.00,128.80,125.00,0.908,27.7
13.909,TRACKING,-65,168,-3.35,8.66,130.64,125.00,129.73,125.00,0.906,27.7
13.946,TRACKING,-63,168,-3.25,8.66,131.53,125.00,130.64,125.00,0.908,27.7
13.982,TRACKING,-63,168,-3.25,8.66,132.39,125.00,131.53,125.00,0.906,27.6
14.018,TRACKING,-60,168,-3.09,8.66,133.24,125.00,132.39,125.00,0.909,27.6
14.054,TRACKING,-60,169,-3.09,8.71,134.07,125.00,133.24,125.00,0.909,27.6
14.091,TRACKING,-55,167,-2.84,8.61,134.87,125.00,134.07,125.00,0.905,27.6
14.128,TRACKING,-55,165,-2.84,8.50,135.64,125.00,134.87,125.00,0.907,27.6
14.163,TRACKING,-53,166,-2.73,8.55,136.40,125.00,135.64,125.00,0.908,27.7
14.199,TRACKING,-55,166,-2.84,8.55,137.14,125.00,136.40,125.00,0.909,27.7
14.235,TRACKING,-53,166,-2.73,8.55,137.87,125.00,137.14,125.00,0.909,27.7
14.271,TRACKING,-52,164,-2.68,8.45,138.58,125.00,137.87,125.00,0.909,27.7
14.308,TRACKING,-52,165,-2.68,8.50,139.28,125.00,138.58,125.00,0.909,27.7
14.344,TRACKING,-48,164,-2.47,8.45,139.97,125.00,139.28,125.00,0.905,27.6
14.381,TRACKING,-47,163,-2.42,8.40,140.63,125.00,139.97,125.00,0.904,27.6
14.418,TRACKING,-47,164,-2.42,8.45,141.28,125.00,140.63,125.00,0.905,27.5
14.454,TRACKING,-44,164,-2.27,8.45,141.91,125.00,141.28,125.00,0.907,27.5
14.490,TRACKING,-44,163,-2.27,8.40,141.91,125.00,141.91,125.00,0.908,27.5
14.527,TRACKING,-44,163,-2.27,8.40,141.91,125.00,141.91,125.00,0.908,27.5
14.563,TRACKING,-40,164,-2.06,8.45,141.91,125.00,141.91,125.00,0.910,27.5
14.599,TRACKING,-39,163,-2.01,8.40,141.91,125.00,141.91,125.00,0.911,27.6
14.635,TRACKING,-39,162,-2.01,8.35,141.91,125.00,141.91,125.00,0.911,27.6
14.672,TRACKING,-40,162,-2.06,8.35,141.91,125.00,141.91,125.00,0.911,27.6
14.708,TRACKING,-40,163,-2.06,8.40,141.91,125.00,141.91,125.00,0.909,27.5
14.746,TRACKING,-41,163,-2.11,8.40,141.91,125.00,141.91,125.00,0.910,27.4
14.782,TRACKING,-41,163,-2.11,8.40,141.91,125.00,141.91,125.00,0.910,27.5
14.818,TRACKING,-41,163,-2.11,8.40,141.91,125.00,141.91,125.00,0.910,27.5
14.853,TRACKING,-41,162,-2.11,8.35,141.91,125.00,141.91,125.00,0.911,27.6
14.889,TRACKING,-41,162,-2.11,8.35,141.91,125.00,141.91,125.00,0.913,27.6
14.925,TRACKING,-41,162,-2.11,8.35,141.91,125.00,141.91,125.00,0.915,27.6
14.961,TRACKING,-40,163,-2.06,8.40,141.91,125.00,141.91,125.00,0.914,27.7
14.997,TRACKING,-38,162,-1.96,8.35,141.91,125.00,141.91,125.00,0.914,27.7
15.033,TRACKING,-35,162,-1.80,8.35,141.91,125.00,141.91,125.00,0.913,27.6
15.070,TRACKING,-33,162,-1.70,8.35,141.91,125.00,141.91,125.00,0.918,27.6
15.107,TRACKING,-30,162,-1.55,8.35,141.91,125.00,141.91,125.00,0.921,27.6
15.143,TRACKING,-24,161,-1.24,8.30,141.91,125.00,141.91,125.00,0.912,27.6
15.178,TRACKING,-15,160,-0.77,8.24,141.91,125.00,141.91,125.00,0.911,27.6
15.214,TRACKING,-7,159,-0.36,8.19,141.91,125.00,141.91,125.00,0.909,27.7
15.249,TRACKING,-2,159,-0.10,8.19,141.91,125.00,141.91,125.00,0.911,27.8
15.284,TRACKING,8,156,0.41,8.04,141.91,125.00,141.91,125.00,0.913,27.8
15.320,TRACKING,16,155,0.82,7.99,141.91,125.00,141.91,125.00,0.898,27.9
15.356,TRACKING,26,156,1.34,8.04,141.91,125.00,141.91,125.00,0.902,27.9
15.392,TRACKING,36,154,1.86,7.94,141.91,125.00,141.91,125.00,0.913,27.8
15.428,TRACKING,42,150,2.17,7.73,141.91,125.00,141.91,125.00,0.901,27.8
15.465,TRACKING,53,148,2.73,7.63,141.91,125.00,141.91,125.00,0.895,27.7
15.503,TRACKING,62,150,3.20,7.73,141.91,125.00,141.91,125.00,0.906,27.6
15.538,TRACKING,73,148,3.76,7.63,141.91,125.00,141.91,125.00,0.913,27.7
15.573,TRACKING,88,144,4.54,7.42,141.19,125.00,141.91,125.00,0.903,27.8
15.607,TRACKING,100,141,5.16,7.27,140.33,125.00,141.19,125.00,0.902,27.9
15.644,TRACKING,105,139,5.41,7.16,139.34,125.00,140.33,125.00,0.899,27.9
15.680,TRACKING,112,134,5.77,6.90,138.24,125.00,139.34,125.00,0.903,27.8
15.716,TRACKING,118,129,6.08,6.65,137.03,125.00,138.24,125.00,0.903,27.8
15.752,TRACKING,121,126,6.24,6.49,135.73,125.00,137.03,125.00,0.906,27.8
15.789,TRACKING,118,127,6.08,6.54,134.38,125.00,135.82,125.00,0.906,27.7
15.826,TRACKING,114,126,5.88,6.49,133.00,125.00,134.38,125.00,0.905,27.7
15.862,TRACKING,111,126,5.72,6.49,131.60,125.00,133.00,125.00,0.906,27.7
15.899,TRACKING,106,124,5.47,6.39,130.21,125.00,131.60,125.00,0.903,27.6
15.934,TRACKING,101,124,5.21,6.39,128.84,125.00,130.39,125.00,0.910,27.7
15.970,TRACKING,101,122,5.21,6.29,127.49,125.00,128.84,125.00,0.911,27.8
16.006,TRACKING,102,120,5.26,6.18,126.15,125.00,127.49,125.00,0.910,27.8
16.042,TRACKING,100,118,5.16,6.08,124.82,125.00,126.15,125.00,0.910,27.7
16.078,TRACKING,94,111,4.85,5.72,123.51,125.00,124.91,125.00,0.913,27.7
16.115,TRACKING,92,111,4.74,5.72,122.24,125.00,123.51,125.00,0.913,27.6
16.151,TRACKING,89,110,4.59,5.67,121.00,125.00,122.24,125.00,0.911,27.7
16.187,TRACKING,81,107,4.18,5.51,119.80,125.00,121.00,125.00,0.910,27.7
16.224,TRACKING,81,102,4.18,5.26,118.65,125.00,119.80,125.00,0.910,27.6
16.260,TRACKING,80,98,4.12,5.05,117.52,125.00,118.65,125.00,0.910,27.6
16.296,TRACKING,75,92,3.87,4.74,116.43,125.00,117.52,125.00,0.901,27.7
16.331,TRACKING,74,91,3.82,4.69,115.38,125.00,116.43,125.00,0.899,27.7
16.367,TRACKING,74,90,3.82,4.64,114.35,125.00,115.38,125.00,0.889,27.7
16.403,TRACKING,76,89,3.92,4.59,113.33,125.00,114.35,125.00,0.883,27.8
16.439,TRACKING,77,87,3.97,4.48,112.32,125.00,113.33,125.00,0.873,27.8
16.475,TRACKING,78,87,4.02,4.48,111.31,125.00,112.32,125.00,0.867,27.8
16.512,TRACKING,82,85,4.23,4.38,110.29,125.00,111.31,125.00,0.863,27.7
16.548,TRACKING,94,80,4.85,4.12,109.22,125.00,110.29,125.00,0.871,27.7
16.584,TRACKING,94,80,4.85,4.12,108.11,125.00,109.22,125.00,0.878,27.7
16.622,TRACKING,105,77,5.41,3.97,106.94,125.00,108.11,125.00,0.890,27.6
16.658,TRACKING,115,75,5.93,3.86,105.69,125.00,106.94,125.00,0.898,27.6
16.694,TRACKING,124,76,6.39,3.92,104.36,125.00,105.69,125.00,0.909,27.6
16.731,TRACKING,131,77,6.75,3.97,102.93,125.00,104.36,125.00,0.887,27.6
16.767,TRACKING,148,74,7.63,3.81,101.39,125.00,103.15,125.00,0.886,27.5
16.803,TRACKING,158,72,8.15,3.71,99.72,125.00,101.39,125.00,0.892,27.6
16.840,TRACKING,175,69,9.02,3.56,97.90,125.00,99.72,125.00,0.898,27.5
16.876,TRACKING,184,66,9.49,3.40,95.94,125.00,97.90,125.00,0.897,27.6
16.913,TRACKING,199,62,10.26,3.19,93.83,125.00,96.69,125.00,0.882,27.5
16.949,TRACKING,213,54,10.98,2.78,91.56,125.00,94.17,125.00,0.898,27.5
16.986,TRACKING,223,54,11.50,2.78,89.14,125.00,91.64,125.00,0.902,27.5
17.023,TRACKING,232,54,11.96,2.78,86.57,125.00,89.14,125.00,0.911,27.4
17.060,TRACKING,237,52,12.22,2.68,83.88,125.00,87.88,125.00,0.908,27.4
17.097,TRACKING,244,48,12.58,2.47,81.08,125.00,85.32,125.00,0.898,27.4
17.134,TRACKING,246,46,12.68,2.37,78.19,125.00,82.77,125.00,0.902,27.3
17.171,TRACKING,247,48,12.74,2.47,75.22,125.00,80.22,125.00,0.905,27.3
17.207,TRACKING,257,48,13.25,2.47,72.16,125.00,78.97,125.00,0.905,27.3
17.244,TRACKING,254,46,13.10,2.37,69.05,125.00,76.45,125.00,0.897,27.3
17.280,TRACKING,258,46,13.30,2.37,65.89,125.00,73.93,125.00,0.899,27.3
17.317,TRACKING,258,45,13.30,2.32,62.68,125.00,72.54,125.00,0.903,27.3
17.354,TRACKING,255,46,13.15,2.37,59.46,125.00,70.03,125.00,0.902,27.3
17.390,TRACKING,254,48,13.10,2.47,56.22,125.00,67.50,125.00,0.904,27.3
17.426,TRACKING,257,50,13.25,2.58,52.96,125.00,64.97,125.00,0.911,27.4
17.462,TRACKING,256,51,13.20,2.63,49.69,125.00,63.72,125.00,0.912,27.5
17.498,TRACKING,249,55,12.84,2.83,46.43,125.00,61.21,125.00,0.919,27.5
17.533,TRACKING,244,55,12.58,2.83,43.20,125.00,58.67,125.00,0.917,27.5
17.569,TRACKING,245,56,12.63,2.89,39.99,125.00,57.41,125.00,0.917,27.6
17.604,TRACKING,238,56,12.27,2.89,36.82,125.00,54.91,125.00,0.918,27.7
17.639,TRACKING,242,55,12.48,2.83,33.65,125.00,52.40,125.00,0.914,27.8
17.674,TRACKING,240,55,12.38,2.83,30.51,125.00,51.15,125.00,0.915,27.8
17.710,TRACKING,243,55,12.53,2.83,27.36,125.00,48.63,125.00,0.912,27.9
17.745,TRACKING,241,55,12.43,2.83,24.23,125.00,46.12,125.00,0.914,27.9
17.780,TRACKING,242,58,12.48,2.99,21.10,125.00,44.83,125.00,0.912,28.0
17.815,TRACKING,241,58,12.43,2.99,17.97,125.00,42.32,125.00,0.917,28.1
17.850,TRACKING,245,63,12.63,3.25,14.84,125.00,39.82,125.00,0.911,28.1
17.886,TRACKING,254,68,13.10,3.50,11.67,125.00,38.56,125.00,0.919,28.1
17.921,TRACKING,257,69,13.25,3.56,10.00,125.00,36.04,125.00,0.916,28.1
17.956,TRACKING,265,67,13.66,3.45,10.00,125.00,33.24,125.00,0.918,28.1
17.992,TRACKING,269,66,13.87,3.40,10.00,125.00,31.99,125.00,0.919,28.1
18.029,TRACKING,282,69,14.54,3.56,10.00,125.00,29.36,125.00,0.919,28.0
18.064,TRACKING,285,70,14.70,3.61,10.00,125.00,26.83,125.00,0.919,28.0
18.101,TRACKING,292,71,15.06,3.66,10.00,125.00,25.56,125.00,0.921,28.0
18.137,TRACKING,301,72,15.52,3.71,10.00,125.00,23.02,125.00,0.916,28.0
18.174,TRACKING,304,73,15.67,3.76,10.00,125.00,20.44,125.00,0.914,27.9
18.211,TRACKING,305,72,15.73,3.71,10.00,125.00,17.91,125.00,0.913,27.8
18.248,TRACKING,314,74,16.19,3.81,10.00,125.00,16.65,125.00,0.912,27.7
18.285,TRACKING,318,73,16.40,3.76,10.00,125.00,14.12,125.00,0.908,27.6
18.322,TRACKING,319,74,16.45,3.81,10.00,125.00,11.57,125.00,0.910,27.6
18.358,TRACKING,315,73,16.24,3.76,10.00,125.00,10.00,125.00,0.913,27.6
18.395,TRACKING,315,73,16.24,3.76,10.00,125.00,10.00,125.00,0.909,27.5
18.431,TRACKING,311,74,16.04,3.81,10.00,125.00,10.00,125.00,0.910,27.6
18.467,TRACKING,315,75,16.24,3.86,10.00,125.00,10.00,125.00,0.910,27.6
18.503,TRACKING,319,76,16.45,3.92,10.00,125.00,10.00,125.00,0.915,27.6
18.538,TRACKING,322,73,16.60,3.76,10.00,125.00,10.00,125.00,0.912,27.7
18.574,TRACKING,326,75,16.81,3.86,10.00,125.00,10.00,125.00,0.913,27.7
18.608,TRACKING,328,75,16.91,3.86,10.00,125.00,10.00,125.00,0.910,27.8
18.643,TRACKING,330,75,17.02,3.86,10.00,125.00,10.00,125.00,0.910,27.9
18.678,TRACKING,332,75,17.12,3.86,10.00,125.00,10.00,125.00,0.909,28.0
18.713,TRACKING,335,73,17.27,3.76,10.00,125.00,10.00,125.00,0.910,28.1
18.748,TRACKING,338,73,17.43,3.76,10.00,125.00,10.00,125.00,0.911,28.1
18.784,TRACKING,339,73,17.48,3.76,10.00,125.00,10.00,125.00,0.912,28.1
18.820,TRACKING,341,73,17.58,3.76,10.00,125.00,10.00,125.00,0.908,28.0
18.857,TRACKING,345,74,17.79,3.81,10.00,125.00,10.00,125.00,0.908,28.0
18.892,TRACKING,346,74,17.84,3.81,10.00,125.00,10.00,125.00,0.911,28.0
18.928,TRACKING,347,74,17.89,3.81,10.00,125.00,10.00,125.00,0.912,28.0
18.964,TRACKING,347,73,17.89,3.76,10.00,125.00,10.00,125.00,0.911,27.9
19.001,TRACKING,347,73,17.89,3.76,10.00,125.00,10.00,125.00,0.911,27.9
19.037,TRACKING,349,72,18.00,3.71,10.00,125.00,10.00,125.00,0.914,27.9
19.073,TRACKING,350,72,18.05,3.71,10.00,125.00,10.00,125.00,0.914,27.9
19.110,TRACKING,350,73,18.05,3.76,10.00,125.00,10.00,125.00,0.914,27.8
19.147,TRACKING,350,72,18.05,3.71,10.00,125.00,10.00,125.00,0.916,27.7
19.183,TRACKING,352,73,18.15,3.76,10.00,125.00,10.00,125.00,0.916,27.7
19.220,TRACKING,352,73,18.15,3.76,10.00,125.00,10.00,125.00,0.916,27.6
19.256,TRACKING,353,73,18.20,3.76,10.00,125.00,10.00,125.00,0.916,27.6
19.293,TRACKING,353,74,18.20,3.81,10.00,125.00,10.00,125.00,0.916,27.6
19.328,TRACKING,353,74,18.20,3.81,10.00,125.00,10.00,125.00,0.915,27.7
19.363,TRACKING,353,73,18.20,3.76,10.00,125.00,10.00,125.00,0.915,27.8
19.398,TRACKING,354,74,18.25,3.81,10.00,125.00,10.00,125.00,0.915,27.9
19.433,TRACKING,355,73,18.30,3.76,10.00,125.00,10.00,125.00,0.914,27.9
19.468,TRACKING,358,73,18.46,3.76,10.00,125.00,10.00,125.00,0.915,28.0
19.504,TRACKING,355,73,18.30,3.76,10.00,125.00,10.00,125.00,0.914,27.9
19.540,TRACKING,358,73,18.46,3.76,10.00,125.00,10.00,125.00,0.914,28.0
19.576,TRACKING,358,73,18.46,3.76,10.00,125.00,10.00,125.00,0.915,27.9
19.612,TRACKING,356,72,18.36,3.71,10.00,125.00,10.00,125.00,0.913,27.9
19.648,TRACKING,358,72,18.46,3.71,10.00,125.00,10.00,125.00,0.913,27.9
19.684,TRACKING,358,72,18.46,3.71,10.00,125.00,10.00,125.00,0.913,27.9
19.721,TRACKING,358,71,18.46,3.66,10.00,125.00,10.00,125.00,0.913,27.8
19.758,TRACKING,358,71,18.46,3.66,10.00,125.00,10.00,125.00,0.912,27.7
19.795,TRACKING,358,72,18.46,3.71,10.00,125.00,10.00,125.00,0.912,27.6
19.832,TRACKING,358,72,18.46,3.71,10.00,125.00,10.00,125.00,0.911,27.6
19.868,TRACKING,354,71,18.25,3.66,10.00,125.00,10.00,125.00,0.911,27.6
19.905,TRACKING,354,72,18.25,3.71,10.00,125.00,10.00,125.00,0.912,27.6
19.941,TRACKING,352,70,18.15,3.61,10.00,125.00,10.00,125.00,0.911,27.6
19.977,TRACKING,349,69,18.00,3.56,10.00,125.00,10.00,125.00,0.910,27.6
20.013,TRACKING,347,71,17.89,3.66,10.00,125.00,10.00,125.00,0.911,27.6
20.049,TRACKING,344,74,17.74,3.81,10.00,125.00,10.00,125.00,0.911,27.6
20.084,TRACKING,338,71,17.43,3.66,10.00,125.00,10.00,125.00,0.912,27.7
20.120,TRACKING,324,71,16.71,3.66,10.00,125.00,10.00,125.00,0.905,27.8
20.155,TRACKING,316,69,16.29,3.56,10.00,125.00,10.00,125.00,0.910,27.8
20.190,TRACKING,311,72,16.04,3.71,10.00,125.00,10.00,125.00,0.908,27.9
20.224,TRACKING,300,71,15.47,3.66,10.00,125.00,10.00,125.00,0.920,28.0
20.259,TRACKING,289,73,14.90,3.76,10.00,125.00,10.00,125.00,0.923,28.1
20.294,TRACKING,278,73,14.33,3.76,10.00,125.00,10.00,125.00,0.923,28.1
20.330,TRACKING,264,76,13.61,3.92,10.00,125.00,10.00,125.00,0.914,28.1
20.367,TRACKING,251,77,12.94,3.97,10.00,125.00,10.00,125.00,0.914,28.0
20.403,TRACKING,239,78,12.32,4.02,10.00,125.00,10.00,125.00,0.924,28.0
20.441,TRACKING,221,79,11.40,4.07,10.00,125.00,10.00,125.00,0.922,27.8
20.477,TRACKING,206,83,10.62,4.28,10.00,125.00,10.00,125.00,0.924,27.8
20.514,TRACKING,188,84,9.69,4.33,10.00,125.00,10.00,125.00,0.920,27.7
20.550,TRACKING,171,85,8.82,4.38,10.00,125.00,10.00,125.00,0.927,27.7
20.587,TRACKING,154,81,7.94,4.17,10.00,125.00,10.00,125.00,0.922,27.7
20.623,TRACKING,138,82,7.12,4.23,10.00,125.00,10.00,125.00,0.926,27.7
20.660,TRACKING,122,81,6.29,4.17,10.00,125.00,10.00,125.00,0.923,27.6
20.696,TRACKING,107,80,5.52,4.12,10.00,125.00,10.00,125.00,0.923,27.6
20.733,TRACKING,94,79,4.85,4.07,10.00,125.00,10.00,125.00,0.921,27.6
20.769,TRACKING,83,75,4.28,3.86,10.00,125.00,10.00,125.00,0.926,27.6
20.805,TRACKING,70,75,3.61,3.86,10.00,125.00,10.00,125.00,0.911,27.6
20.840,TRACKING,62,73,3.20,3.76,10.00,125.00,10.00,125.00,0.920,27.7
20.875,TRACKING,56,75,2.89,3.86,10.00,125.00,10.00,125.00,0.916,27.8
20.910,TRACKING,47,72,2.42,3.71,10.00,125.00,10.00,125.00,0.916,27.9
20.945,TRACKING,39,77,2.01,3.97,10.00,125.00,10.00,125.00,0.913,28.0
20.980,TRACKING,34,75,1.75,3.86,10.00,125.00,10.00,125.00,0.917,28.0
21.015,TRACKING,29,81,1.50,4.17,10.00,125.00,10.00,125.00,0.917,28.0
21.051,TRACKING,27,82,1.39,4.23,10.00,125.00,10.00,125.00,0.922,28.1
21.086,TRACKING,25,83,1.29,4.28,10.00,125.00,10.00,125.00,0.924,28.1
21.121,TRACKING,21,82,1.08,4.23,10.00,125.00,10.00,125.00,0.919,28.1
21.156,TRACKING,19,82,0.98,4.23,10.00,125.00,10.00,125.00,0.912,28.1
21.192,TRACKING,13,82,0.67,4.23,10.00,125.00,10.00,125.00,0.911,28.1
21.227,TRACKING,7,82,0.36,4.23,10.00,125.00,10.00,125.00,0.910,28.2
21.263,TRACKING,0,81,0.00,4.17,10.00,125.00,10.00,125.00,0.906,28.1
21.298,TRACKING,-4,80,-0.21,4.12,10.00,125.00,10.00,125.00,0.911,28.2
21.334,TRACKING,-12,80,-0.62,4.12,10.00,125.00,10.00,125.00,0.905,28.2
21.369,TRACKING,-19,80,-0.98,4.12,10.00,125.00,10.00,125.00,0.904,28.2
21.404,TRACKING,-29,81,-1.50,4.17,10.00,125.00,10.00,125.00,0.903,28.2
21.439,TRACKING,-35,77,-1.80,3.97,10.00,125.00,10.00,125.00,0.903,28.2
21.475,TRACKING,-44,79,-2.27,4.07,10.00,125.00,10.00,125.00,0.886,28.2
21.510,TRACKING,-51,81,-2.63,4.17,10.00,125.00,10.00,125.00,0.887,28.2
21.545,TRACKING,-63,78,-3.25,4.02,10.00,125.00,10.00,125.00,0.907,28.3
21.581,TRACKING,-68,78,-3.51,4.02,10.00,125.00,10.00,125.00,0.914,28.2
21.617,TRACKING,-73,79,-3.76,4.07,10.67,125.00,10.00,125.00,0.917,28.2
21.653,TRACKING,-78,76,-4.02,3.92,11.43,125.00,10.67,125.00,0.919,28.2
21.690,TRACKING,-84,78,-4.33,4.02,12.28,125.00,11.43,125.00,0.923,28.0
21.731,TRACKING,-85,79,-4.38,4.07,13.18,125.00,12.28,125.00,0.922,27.7
21.770,TRACKING,-87,82,-4.49,4.23,14.14,125.00,13.18,125.00,0.925,27.5
21.811,TRACKING,-87,82,-4.49,4.23,15.14,125.00,14.14,125.00,0.923,27.2
21.854,TRACKING,-85,82,-4.38,4.23,16.17,125.00,15.14,125.00,0.921,26.7
21.900,TRACKING,-75,84,-3.87,4.33,17.18,125.00,16.17,125.00,0.919,26.3
21.946,TRACKING,-67,86,-3.45,4.43,18.16,125.00,17.18,125.00,0.922,25.8
21.993,TRACKING,-63,83,-3.25,4.28,19.09,125.00,18.16,125.00,0.918,25.4
22.040,TRACKING,-58,82,-2.99,4.23,19.98,125.00,19.09,125.00,0.921,24.9
22.088,TRACKING,-45,82,-2.32,4.23,20.79,125.00,19.98,125.00,0.915,24.5
22.138,TRACKING,-40,83,-2.06,4.28,21.53,125.00,20.79,125.00,0.925,24.1
22.187,TRACKING,-32,81,-1.65,4.17,22.19,125.00,21.53,125.00,0.916,23.7
22.236,TRACKING,-21,80,-1.08,4.12,22.19,125.00,22.19,125.00,0.925,23.4
22.286,TRACKING,-27,80,-1.39,4.12,22.19,125.00,22.19,125.00,0.920,23.0
22.336,TRACKING,-31,79,-1.60,4.07,22.19,125.00,22.19,125.00,0.923,22.7
22.384,TRACKING,-35,81,-1.80,4.17,22.19,125.00,22.19,125.00,0.925,22.5
22.435,TRACKING,-40,80,-2.06,4.12,22.19,125.00,22.19,125.00,0.922,22.2
22.485,TRACKING,-47,77,-2.42,3.97,22.19,125.00,22.19,125.00,0.922,22.1
22.535,TRACKING,-53,79,-2.73,4.07,22.19,125.00,22.19,125.00,0.922,21.8
22.586,TRACKING,-55,76,-2.84,3.92,22.19,125.00,22.19,125.00,0.917,21.6
22.635,TRACKING,-58,77,-2.99,3.97,22.83,125.00,22.19,125.00,0.921,21.5
22.686,TRACKING,-60,78,-3.09,4.02,23.50,125.00,22.83,125.00,0.920,21.3
22.735,TRACKING,-59,78,-3.04,4.02,24.19,125.00,23.50,125.00,0.919,21.2
22.785,TRACKING,-58,82,-2.99,4.23,24.90,125.00,24.19,125.00,0.918,21.1
22.836,TRACKING,-57,83,-2.94,4.28,25.61,125.00,24.90,125.00,0.919,20.9
22.885,TRACKING,-43,85,-2.22,4.38,26.29,125.00,25.61,125.00,0.916,20.9
22.935,TRACKING,-31,85,-1.60,4.38,26.29,125.00,26.29,125.00,0.922,20.8
22.985,TRACKING,-24,91,-1.24,4.69,26.29,125.00,26.29,125.00,0.919,20.7
23.036,TRACKING,-23,94,-1.19,4.84,26.29,125.00,26.29,125.00,0.920,20.6
23.086,TRACKING,-22,98,-1.13,5.05,26.29,125.00,26.29,125.00,0.926,20.6
23.136,TRACKING,-24,100,-1.24,5.15,26.29,125.00,26.29,125.00,0.930,20.5
23.187,TRACKING,-24,102,-1.24,5.26,26.29,125.00,26.29,125.00,0.929,20.4
23.238,TRACKING,-26,106,-1.34,5.46,26.29,125.00,26.29,125.00,0.923,20.3
23.288,TRACKING,-26,107,-1.34,5.51,26.29,125.00,26.29,125.00,0.919,20.3
23.338,TRACKING,-26,112,-1.34,5.77,26.29,125.00,26.29,125.00,0.913,20.3
23.388,TRACKING,-28,122,-1.44,6.29,26.29,125.00,26.29,125.00,0.908,20.2
23.438,TRACKING,-28,126,-1.44,6.49,26.29,125.00,26.29,125.00,0.914,20.2
23.483,TRACKING,-27,130,-1.39,6.70,26.29,125.00,26.29,125.00,0.910,20.4
23.528,TRACKING,-28,132,-1.44,6.80,26.29,125.00,26.29,125.00,0.917,20.6
23.568,TRACKING,-30,136,-1.55,7.01,26.29,125.00,26.29,125.00,0.913,21.0
23.608,TRACKING,-28,142,-1.44,7.32,26.29,125.00,26.29,125.00,0.910,21.4
23.647,TRACKING,-29,145,-1.50,7.47,26.29,125.00,26.29,125.00,0.907,21.9
23.685,TRACKING,-27,150,-1.39,7.73,26.29,125.00,26.29,125.00,0.913,22.3
23.723,TRACKING,-27,154,-1.39,7.94,26.29,125.00,26.29,125.00,0.913,22.7
23.760,TRACKING,-28,158,-1.44,8.14,26.29,125.00,26.29,125.00,0.916,23.1
23.798,TRACKING,-27,160,-1.39,8.24,26.29,125.00,26.29,125.00,0.920,23.5
23.834,TRACKING,-27,162,-1.39,8.35,26.29,125.00,26.29,125.00,0.925,23.9
23.869,TRACKING,-29,166,-1.50,8.55,26.29,125.00,26.29,125.00,0.929,24.4
23.906,TRACKING,-30,169,-1.55,8.71,26.29,125.00,26.29,125.00,0.928,24.6
23.941,TRACKING,-30,171,-1.55,8.81,26.29,125.00,26.29,125.00,0.929,25.0
23.977,TRACKING,-29,175,-1.50,9.02,26.29,125.00,26.29,125.00,0.926,25.3
24.012,TRACKING,-30,178,-1.55,9.17,26.29,125.00,26.29,125.00,0.921,25.6
24.049,TRACKING,-31,179,-1.60,9.22,26.29,125.00,26.29,125.00,0.917,25.8
24.084,TRACKING,-30,185,-1.55,9.53,26.29,125.00,26.29,125.00,0.920,26.1
24.119,TRACKING,-30,187,-1.55,9.64,26.29,125.00,26.29,125.00,0.921,26.3
24.156,TRACKING,-30,191,-1.55,9.84,26.29,125.00,26.29,125.00,0.922,26.4
24.191,TRACKING,-30,193,-1.55,9.94,26.29,125.00,26.29,125.00,0.924,26.6
24.226,TRACKING,-28,195,-1.44,10.05,26.29,125.00,26.29,125.00,0.928,26.8
24.261,TRACKING,-28,199,-1.44,10.25,26.29,125.00,26.29,125.00,0.931,27.0
24.297,TRACKING,-28,201,-1.44,10.36,26.29,125.00,26.29,125.00,0.928,27.0
24.332,TRACKING,-28,204,-1.44,10.51,26.29,125.00,26.29,125.00,0.927,27.2
24.367,TRACKING,-27,206,-1.39,10.61,26.29,125.00,26.29,125.00,0.925,27.3
24.403,TRACKING,-27,208,-1.39,10.72,26.29,125.00,26.29,125.00,0.924,27.4
24.438,TRACKING,-27,210,-1.39,10.82,26.29,125.00,26.29,125.00,0.923,27.5
24.474,TRACKING,-27,211,-1.39,10.87,26.29,125.00,26.29,125.00,0.921,27.5
24.510,TRACKING,-26,212,-1.34,10.92,26.29,125.00,26.29,125.00,0.923,27.5
24.545,TRACKING,-27,214,-1.39,11.03,26.29,125.00,26.29,125.00,0.923,27.6
24.580,TRACKING,-27,216,-1.39,11.13,26.29,125.00,26.29,125.00,0.924,27.8
24.614,TRACKING,-27,217,-1.39,11.18,26.29,125.00,26.29,125.00,0.924,27.9
24.649,TRACKING,-26,219,-1.34,11.28,26.29,125.00,26.29,125.00,0.924,28.0
24.684,TRACKING,-26,221,-1.34,11.39,26.29,125.00,26.29,125.00,0.927,28.0
24.720,TRACKING,-28,224,-1.44,11.54,26.29,125.00,26.29,125.00,0.930,28.1
24.755,TRACKING,-26,227,-1.34,11.70,26.29,125.00,26.29,125.00,0.935,28.1
24.790,TRACKING,-28,229,-1.44,11.80,26.29,125.00,26.29,125.00,0.933,28.1
24.825,TRACKING,-28,231,-1.44,11.90,26.29,125.00,26.29,125.00,0.935,28.2
24.860,TRACKING,-28,235,-1.44,12.11,26.29,125.00,26.29,125.00,0.933,28.2
24.895,TRACKING,-29,236,-1.50,12.16,26.29,125.00,26.29,125.00,0.930,28.2
24.930,TRACKING,-29,238,-1.50,12.26,26.29,125.00,26.29,125.00,0.928,28.3
24.965,TRACKING,-29,240,-1.50,12.37,26.29,125.00,26.29,125.00,0.930,28.3
25.000,TRACKING,-29,243,-1.50,12.52,26.29,125.00,26.29,125.00,0.925,28.3
25.035,TRACKING,-28,246,-1.44,12.68,26.29,125.00,26.29,125.00,0.926,28.3
25.071,TRACKING,-27,248,-1.39,12.78,26.29,125.00,26.29,125.00,0.924,28.3
25.106,TRACKING,-28,252,-1.44,12.98,26.29,125.00,26.29,125.00,0.922,28.4
25.141,TRACKING,-28,254,-1.44,13.09,26.29,125.00,26.29,125.00,0.923,28.4
25.176,TRACKING,-27,256,-1.39,13.19,26.29,125.00,26.29,125.00,0.924,28.4
25.211,TRACKING,-25,258,-1.29,13.29,26.29,125.00,26.29,125.00,0.927,28.4
25.246,TRACKING,-26,259,-1.34,13.35,26.29,125.00,26.29,125.00,0.926,28.4
25.281,TRACKING,-27,263,-1.39,13.55,26.29,125.00,26.29,125.00,0.928,28.4
25.315,TRACKING,-27,265,-1.39,13.65,26.29,125.00,26.29,125.00,0.925,28.5
25.350,TRACKING,-28,266,-1.44,13.71,26.29,125.00,26.29,125.00,0.924,28.5
25.385,TRACKING,-28,266,-1.44,13.71,26.29,125.00,26.29,125.00,0.925,28.5
25.420,TRACKING,-29,266,-1.50,13.71,26.29,125.00,26.29,125.00,0.925,28.6
25.455,TRACKING,-27,265,-1.39,13.65,26.29,125.00,26.29,125.00,0.925,28.6
25.490,TRACKING,-28,262,-1.44,13.50,26.29,125.00,26.29,125.00,0.923,28.6
25.525,TRACKING,-27,259,-1.39,13.35,26.29,125.00,26.29,125.00,0.925,28.5
25.560,TRACKING,-28,256,-1.44,13.19,26.29,125.00,26.29,125.00,0.924,28.6
25.594,TRACKING,-28,252,-1.44,12.98,26.29,125.00,26.29,125.00,0.922,28.6
25.629,TRACKING,-29,249,-1.50,12.83,26.29,125.00,26.29,125.00,0.925,28.6
25.664,TRACKING,-31,238,-1.60,12.26,26.29,125.00,26.29,125.00,0.926,28.7
25.698,TRACKING,-30,231,-1.55,11.90,26.29,125.00,26.29,125.00,0.926,28.7
25.733,TRACKING,-30,224,-1.55,11.54,26.29,125.00,26.29,125.00,0.923,28.6
25.769,TRACKING,-31,213,-1.60,10.98,26.29,125.00,26.29,125.00,0.911,28.6
25.804,TRACKING,-31,201,-1.60,10.36,26.29,125.00,26.29,125.00,0.903,28.6
25.838,TRACKING,-34,192,-1.75,9.89,26.29,125.00,26.29,125.00,0.907,28.6
25.873,TRACKING,-35,177,-1.80,9.12,26.29,125.00,26.29,125.00,0.900,28.6
25.908,TRACKING,-38,165,-1.96,8.50,26.29,125.00,26.29,125.00,0.899,28.7
25.943,TRACKING,-38,156,-1.96,8.04,26.29,125.00,26.29,125.00,0.890,28.6
25.978,TRACKING,-40,144,-2.06,7.42,26.29,125.00,26.29,125.00,0.893,28.6
26.013,TRACKING,-43,139,-2.22,7.16,26.29,125.00,26.29,125.00,0.901,28.6
26.048,TRACKING,-45,132,-2.32,6.80,26.29,125.00,26.29,125.00,0.899,28.6
26.083,TRACKING,-49,130,-2.53,6.70,26.29,125.00,26.29,125.00,0.902,28.7
26.118,TRACKING,-50,128,-2.58,6.60,26.29,125.00,26.29,125.00,0.900,28.6
26.152,TRACKING,-54,126,-2.78,6.49,26.29,125.00,26.29,125.00,0.905,28.7
26.187,TRACKING,-60,125,-3.09,6.44,26.93,125.00,26.29,125.00,0.895,28.7
26.222,TRACKING,-67,126,-3.45,6.49,27.64,125.00,26.93,125.00,0.899,28.7
26.257,TRACKING,-73,124,-3.76,6.39,28.40,125.00,27.64,125.00,0.890,28.7
26.293,TRACKING,-78,123,-4.02,6.34,29.22,125.00,28.40,125.00,0.882,28.6
26.328,TRACKING,-83,125,-4.28,6.44,30.11,125.00,29.22,125.00,0.888,28.6
26.363,TRACKING,-79,121,-4.07,6.23,31.02,125.00,30.11,125.00,0.884,28.5
26.399,TRACKING,-78,119,-4.02,6.13,31.96,125.00,31.02,125.00,0.859,28.5
26.434,TRACKING,-80,118,-4.12,6.08,32.93,125.00,31.96,125.00,0.848,28.5
26.470,TRACKING,-85,118,-4.38,6.08,33.92,125.00,32.93,125.00,0.878,28.4
26.506,TRACKING,-90,116,-4.64,5.98,34.96,125.00,33.92,125.00,0.881,28.4
26.541,TRACKING,-93,115,-4.80,5.93,36.04,125.00,34.96,125.00,0.872,28.4
26.577,TRACKING,-91,113,-4.69,5.82,37.15,125.00,36.04,125.00,0.871,28.3
26.613,TRACKING,-90,116,-4.64,5.98,38.26,125.00,37.15,125.00,0.875,28.3
26.648,TRACKING,-86,117,-4.43,6.03,39.38,125.00,38.26,125.00,0.884,28.3
26.683,TRACKING,-69,117,-3.56,6.03,40.44,125.00,39.38,125.00,0.884,28.3
26.719,TRACKING,-67,119,-3.45,6.13,41.45,125.00,40.44,125.00,0.893,28.3
26.755,TRACKING,-57,121,-2.94,6.23,42.39,125.00,41.45,125.00,0.899,28.3
26.790,TRACKING,-41,121,-2.11,6.23,43.23,125.00,42.39,125.00,0.900,28.2
26.826,TRACKING,-32,123,-1.65,6.34,43.97,125.00,43.23,125.00,0.897,28.2
26.861,TRACKING,-26,126,-1.34,6.49,44.60,125.00,43.97,125.00,0.905,28.2
26.897,TRACKING,-20,129,-1.03,6.65,44.60,125.00,44.60,125.00,0.893,28.2
26.933,TRACKING,-9,135,-0.46,6.96,44.60,125.00,44.60,125.00,0.901,28.2
26.968,TRACKING,-1,138,-0.05,7.11,44.60,125.00,44.60,125.00,0.900,28.2
27.003,TRACKING,7,141,0.36,7.27,44.60,125.00,44.60,125.00,0.908,28.2
27.038,TRACKING,19,145,0.98,7.47,44.60,125.00,44.60,125.00,0.891,28.2
27.074,TRACKING,25,150,1.29,7.73,44.60,125.00,44.60,125.00,0.885,28.2
27.109,TRACKING,32,154,1.65,7.94,44.60,125.00,44.60,125.00,0.894,28.3
27.144,TRACKING,40,159,2.06,8.19,44.60,125.00,44.60,125.00,0.899,28.3
27.178,TRACKING,48,164,2.47,8.45,44.60,125.00,44.60,125.00,0.883,28.4
27.213,TRACKING,59,170,3.04,8.76,44.60,125.00,44.60,125.00,0.886,28.4
27.248,TRACKING,65,170,3.35,8.76,44.60,125.00,44.60,125.00,0.887,28.4
27.283,TRACKING,72,171,3.71,8.81,43.97,125.00,44.60,125.00,0.903,28.5
27.318,TRACKING,77,171,3.97,8.81,43.25,125.00,43.97,125.00,0.892,28.4
27.353,TRACKING,81,171,4.18,8.81,42.45,125.00,43.25,125.00,0.890,28.5
27.388,TRACKING,89,172,4.59,8.86,41.56,125.00,42.45,125.00,0.899,28.5
27.422,TRACKING,94,173,4.85,8.91,40.59,125.00,41.56,125.00,0.893,28.5
27.457,TRACKING,98,172,5.05,8.86,39.55,125.00,40.59,125.00,0.892,28.6
27.492,TRACKING,100,174,5.16,8.97,38.44,125.00,39.55,125.00,0.886,28.5
27.529,TRACKING,97,174,5.00,8.97,37.30,125.00,38.44,125.00,0.892,28.5
27.565,TRACKING,102,176,5.26,9.07,36.11,125.00,37.30,125.00,0.898,28.4
27.601,TRACKING,98,177,5.05,9.12,34.91,125.00,36.11,125.00,0.899,28.3
27.637,TRACKING,98,179,5.05,9.22,33.69,125.00,34.91,125.00,0.893,28.2
27.673,TRACKING,93,181,4.80,9.33,32.47,125.00,33.69,125.00,0.904,28.2
27.710,TRACKING,90,184,4.64,9.48,31.27,125.00,32.48,125.00,0.905,28.1
27.746,TRACKING,85,184,4.38,9.48,30.09,125.00,31.27,125.00,0.892,28.1
27.782,TRACKING,85,183,4.38,9.43,28.94,125.00,30.09,125.00,0.897,28.0
27.818,TRACKING,85,184,4.38,9.48,27.80,125.00,28.94,125.00,0.906,28.0
27.855,TRACKING,90,183,4.64,9.43,26.65,125.00,27.80,125.00,0.910,27.9
27.892,TRACKING,97,182,5.00,9.38,25.48,125.00,26.65,125.00,0.898,27.8
27.929,TRACKING,97,181,5.00,9.33,24.28,125.00,25.48,125.00,0.898,27.8
27.966,TRACKING,103,177,5.31,9.12,23.06,125.00,24.28,125.00,0.906,27.7
28.003,TRACKING,109,170,5.62,8.76,21.78,125.00,23.07,125.00,0.894,27.6
28.039,TRACKING,109,158,5.62,8.14,20.47,125.00,21.78,125.00,0.891,27.6
28.075,TRACKING,112,143,5.77,7.37,19.13,125.00,20.47,125.00,0.894,27.6
28.110,TRACKING,109,124,5.62,6.39,17.78,125.00,19.26,125.00,0.902,27.7
28.146,TRACKING,98,110,5.05,5.67,16.44,125.00,17.78,125.00,0.901,27.8
28.181,TRACKING,94,85,4.85,4.38,15.14,125.00,16.44,125.00,0.893,27.8
28.216,TRACKING,83,74,4.28,3.81,13.89,125.00,15.14,125.00,0.891,27.9
28.251,TRACKING,72,63,3.71,3.25,12.72,125.00,13.93,125.00,0.884,27.9
28.287,TRACKING,71,50,3.66,2.58,11.61,125.00,12.72,125.00,0.889,28.0
28.322,TRACKING,67,43,3.45,2.22,10.56,125.00,11.61,125.00,0.883,28.0
28.357,TRACKING,55,34,2.84,1.75,10.00,125.00,10.56,125.00,0.861,28.1
28.391,TRACKING,46,23,2.37,1.19,10.00,125.00,10.00,125.00,0.879,28.1
28.426,TRACKING,44,18,2.27,0.93,10.00,125.00,10.00,125.00,0.887,28.2
28.461,TRACKING,46,14,2.37,0.72,10.00,125.00,10.00,125.00,0.883,28.2
28.497,TRACKING,44,8,2.27,0.41,10.00,125.00,10.00,125.00,0.885,28.2
28.533,TRACKING,48,-5,2.47,-0.26,10.00,125.00,10.00,125.00,0.892,28.2
28.569,TRACKING,48,-10,2.47,-0.52,10.00,125.00,10.00,125.00,0.899,28.1
28.605,TRACKING,49,-15,2.53,-0.77,10.00,125.00,10.00,125.00,0.895,28.1
28.642,TRACKING,52,-17,2.68,-0.88,10.00,125.00,10.00,125.00,0.898,28.0
28.678,TRACKING,59,-21,3.04,-1.08,10.00,125.00,10.00,125.00,0.890,27.9
28.715,TRACKING,64,-22,3.30,-1.13,10.00,125.00,10.00,125.00,0.877,27.9
28.751,TRACKING,67,-25,3.45,-1.29,10.00,125.00,10.00,125.00,0.905,27.9
28.787,TRACKING,70,-23,3.61,-1.19,10.00,125.00,10.00,125.00,0.904,27.8
28.824,TRACKING,74,-23,3.82,-1.19,10.00,125.00,10.00,125.00,0.893,27.8
28.861,TRACKING,79,-21,4.07,-1.08,10.00,125.00,10.00,125.00,0.892,27.7
28.897,TRACKING,83,-18,4.28,-0.93,10.00,125.00,10.00,125.00,0.896,27.7
28.933,TRACKING,88,-19,4.54,-0.98,10.00,125.00,10.00,125.00,0.886,27.7
28.969,TRACKING,92,-18,4.74,-0.93,10.00,125.00,10.00,125.00,0.883,27.7
29.006,TRACKING,99,-19,5.10,-0.98,10.00,125.00,10.00,125.00,0.891,27.7
29.043,TRACKING,105,-21,5.41,-1.08,10.00,125.00,10.00,125.00,0.890,27.6
29.078,TRACKING,110,-19,5.67,-0.98,10.00,125.00,10.00,125.00,0.883,27.6
29.115,TRACKING,115,-23,5.93,-1.19,10.00,125.00,10.00,125.00,0.881,27.6
29.151,TRACKING,118,-27,6.08,-1.39,10.00,125.00,10.00,125.00,0.889,27.6
29.188,TRACKING,121,-30,6.24,-1.55,10.00,125.00,10.00,125.00,0.888,27.6
29.224,TRACKING,124,-30,6.39,-1.55,10.00,125.00,10.00,125.00,0.890,27.6
29.261,TRACKING,126,-35,6.50,-1.80,10.00,125.00,10.00,125.00,0.899,27.6
29.297,TRACKING,129,-39,6.65,-2.01,10.00,125.00,10.00,125.00,0.886,27.6
29.334,TRACKING,132,-42,6.81,-2.16,10.00,125.00,10.00,125.00,0.898,27.5
29.370,TRACKING,135,-44,6.96,-2.27,10.00,125.00,10.00,125.00,0.895,27.5
29.407,TRACKING,136,-45,7.01,-2.32,10.00,125.00,10.00,125.00,0.890,27.5
29.443,TRACKING,139,-45,7.17,-2.32,10.00,125.00,10.00,125.00,0.886,27.5
29.479,TRACKING,140,-44,7.22,-2.27,10.00,125.00,10.00,125.00,0.880,27.5
29.516,TRACKING,141,-43,7.27,-2.22,10.00,125.00,10.00,125.00,0.881,27.4
29.552,TRACKING,141,-42,7.27,-2.16,10.00,125.00,10.00,125.00,0.881,27.5
29.588,TRACKING,141,-41,7.27,-2.11,10.00,125.00,10.00,125.00,0.878,27.5
29.625,TRACKING,142,-41,7.32,-2.11,10.00,125.00,10.00,125.00,0.876,27.5
29.661,TRACKING,142,-41,7.32,-2.11,10.00,125.00,10.00,125.00,0.877,27.5
29.697,TRACKING,143,-41,7.37,-2.11,10.00,125.00,10.00,125.00,0.881,27.5
29.734,TRACKING,143,-41,7.37,-2.11,10.00,125.00,10.00,125.00,0.879,27.5
29.771,TRACKING,143,-42,7.37,-2.16,10.00,125.00,10.00,125.00,0.884,27.5
29.807,TRACKING,141,-43,7.27,-2.22,10.00,125.00,10.00,125.00,0.881,27.5
29.843,TRACKING,139,-43,7.17,-2.22,10.00,125.00,10.00,125.00,0.887,27.5
29.880,TRACKING,136,-42,7.01,-2.16,10.00,125.00,10.00,125.00,0.896,27.5
29.916,TRACKING,135,-42,6.96,-2.16,10.00,125.00,10.00,125.00,0.901,27.5
29.952,TRACKING,133,-39,6.86,-2.01,10.00,125.00,10.00,125.00,0.901,27.5
29.989,TRACKING,130,-37,6.70,-1.91,10.00,125.00,10.00,125.00,0.893,27.5
30.026,TRACKING,130,-34,6.70,-1.75,10.00,125.00,10.00,125.00,0.897,27.4
30.062,TRACKING,128,-31,6.60,-1.60,10.00,125.00,10.00,125.00,0.896,27.5
30.098,TRACKING,128,-31,6.60,-1.60,10.00,125.00,10.00,125.00,0.902,27.5
30.135,TRACKING,127,-31,6.55,-1.60,10.00,125.00,10.00,125.00,0.897,27.5
30.171,TRACKING,125,-28,6.45,-1.44,10.00,125.00,10.00,125.00,0.895,27.5
30.207,TRACKING,123,-28,6.34,-1.44,10.00,125.00,10.00,125.00,0.893,27.5
30.244,TRACKING,122,-27,6.29,-1.39,10.00,125.00,10.00,125.00,0.892,27.5
30.280,TRACKING,120,-26,6.19,-1.34,10.00,125.00,10.00,125.00,0.895,27.5
30.316,TRACKING,118,-24,6.08,-1.24,10.00,125.00,10.00,125.00,0.904,27.5
30.353,TRACKING,117,-24,6.03,-1.24,10.00,125.00,10.00,125.00,0.899,27.5
30.389,TRACKING,115,-24,5.93,-1.24,10.00,125.00,10.00,125.00,0.896,27.5
30.426,TRACKING,113,-23,5.83,-1.19,10.00,125.00,10.00,125.00,0.883,27.5
30.462,TRACKING,113,-21,5.83,-1.08,10.00,125.00,10.00,125.00,0.889,27.5
30.499,TRACKING,111,-19,5.72,-0.98,10.00,125.00,10.00,125.00,0.875,27.4
30.535,TRACKING,111,-15,5.72,-0.77,10.00,125.00,10.00,125.00,0.877,27.5
30.571,TRACKING,112,-14,5.77,-0.72,10.00,125.00,10.00,125.00,0.882,27.5
30.609,TRACKING,113,-10,5.83,-0.52,10.00,125.00,10.00,125.00,0.884,27.4
30.644,TRACKING,115,-9,5.93,-0.46,10.00,125.00,10.00,125.00,0.890,27.5
30.681,TRACKING,118,-9,6.08,-0.46,10.00,125.00,10.00,125.00,0.884,27.5
30.717,TRACKING,121,-10,6.24,-0.52,10.00,125.00,10.00,125.00,0.877,27.5
30.754,TRACKING,128,-11,6.60,-0.57,10.00,125.00,10.00,125.00,0.879,27.5
30.790,TRACKING,134,-15,6.91,-0.77,10.00,125.00,10.00,125.00,0.878,27.5
30.826,TRACKING,138,-14,7.12,-0.72,10.00,125.00,10.00,125.00,0.875,27.5
30.863,TRACKING,146,-11,7.53,-0.57,10.00,125.00,10.00,125.00,0.876,27.5
30.898,TRACKING,153,-10,7.89,-0.52,10.00,125.00,10.00,125.00,0.873,27.5
30.934,TRACKING,161,-7,8.30,-0.36,10.00,125.00,10.00,125.00,0.874,27.6
30.970,TRACKING,172,-9,8.87,-0.46,10.00,125.00,10.00,125.00,0.847,27.6
31.006,TRACKING,183,-6,9.44,-0.31,10.00,125.00,10.00,125.00,0.866,27.6
31.042,TRACKING,192,-2,9.90,-0.10,10.00,125.00,10.00,125.00,0.868,27.6
31.078,TRACKING,202,-3,10.42,-0.15,10.00,125.00,10.00,125.00,0.831,27.7
31.114,TRACKING,211,-3,10.88,-0.15,10.00,125.00,10.00,125.00,0.868,27.7
31.149,TRACKING,219,-2,11.29,-0.10,10.00,125.00,10.00,125.00,0.874,27.7
31.185,TRACKING,227,-3,11.70,-0.15,10.00,125.00,10.00,125.00,0.871,27.8
31.221,TRACKING,236,-7,12.17,-0.36,10.00,125.00,10.00,125.00,0.870,27.8
31.256,TRACKING,242,-6,12.48,-0.31,10.00,125.00,10.00,125.00,0.886,27.9
31.291,TRACKING,248,-8,12.79,-0.41,10.00,125.00,10.00,125.00,0.895,27.9
31.327,TRACKING,255,-3,13.15,-0.15,10.00,125.00,10.00,125.00,0.888,27.9
31.363,TRACKING,260,-4,13.41,-0.21,10.00,125.00,10.00,125.00,0.884,27.9
31.398,TRACKING,267,-5,13.77,-0.26,10.00,125.00,10.00,125.00,0.891,27.9
31.433,TRACKING,271,-3,13.97,-0.15,10.00,125.00,10.00,125.00,0.887,28.0
31.469,TRACKING,275,-4,14.18,-0.21,10.00,125.00,10.00,125.00,0.891,28.0
31.505,TRACKING,278,-4,14.33,-0.21,10.00,125.00,10.00,125.00,0.894,28.0
31.540,TRACKING,282,-4,14.54,-0.21,10.00,125.00,10.00,125.00,0.894,28.0
31.575,TRACKING,283,-2,14.59,-0.10,10.00,125.00,10.00,125.00,0.885,28.1
31.610,TRACKING,286,-1,14.75,-0.05,10.00,125.00,10.00,125.00,0.881,28.1
31.645,TRACKING,287,0,14.80,0.00,10.00,125.00,10.00,125.00,0.872,28.2
31.681,TRACKING,289,0,14.90,0.00,10.00,125.00,10.00,125.00,0.876,28.2
31.716,TRACKING,290,1,14.95,0.05,10.00,125.00,10.00,125.00,0.872,28.2
31.752,TRACKING,291,1,15.00,0.05,10.00,125.00,10.00,125.00,0.864,28.2
31.787,TRACKING,290,3,14.95,0.15,10.00,125.00,10.00,125.00,0.856,28.2
31.822,TRACKING,289,4,14.90,0.21,10.00,125.00,10.00,125.00,0.853,28.2
31.858,TRACKING,288,6,14.85,0.31,10.00,125.00,10.00,125.00,0.846,28.2
31.893,TRACKING,287,8,14.80,0.41,10.00,125.00,10.00,125.00,0.846,28.2
31.929,TRACKING,285,9,14.70,0.46,10.00,125.00,10.00,125.00,0.861,28.2
31.964,TRACKING,284,9,14.64,0.46,10.00,125.00,10.00,125.00,0.868,28.2
31.999,TRACKING,282,8,14.54,0.41,10.00,125.00,10.00,125.00,0.878,28.3
32.034,TRACKING,280,9,14.44,0.46,10.00,125.00,10.00,125.00,0.863,28.3
32.069,TRACKING,280,10,14.44,0.52,10.00,125.00,10.00,125.00,0.844,28.3
32.104,TRACKING,281,10,14.49,0.52,10.00,125.00,10.00,125.00,0.824,28.3
32.139,TRACKING,279,11,14.39,0.57,10.00,125.00,10.00,125.00,0.827,28.4
32.174,TRACKING,279,12,14.39,0.62,10.00,125.00,10.00,125.00,0.831,28.4
32.209,TRACKING,282,12,14.54,0.62,10.00,125.00,10.00,125.00,0.820,28.4
32.244,TRACKING,278,13,14.33,0.67,10.00,125.00,10.00,125.00,0.835,28.4
32.279,TRACKING,279,13,14.39,0.67,10.00,125.00,10.00,125.00,0.846,28.4
32.315,TRACKING,280,15,14.44,0.77,10.00,125.00,10.00,125.00,0.832,28.4
32.350,TRACKING,278,17,14.33,0.88,10.00,125.00,10.00,125.00,0.825,28.4
32.385,TRACKING,276,18,14.23,0.93,10.00,125.00,10.00,125.00,0.794,28.4
32.420,TRACKING,276,18,14.23,0.93,10.00,125.00,10.00,125.00,0.798,28.4
32.455,TRACKING,275,17,14.18,0.88,10.00,125.00,10.00,125.00,0.784,28.4
32.491,TRACKING,274,18,14.13,0.93,10.00,125.00,10.00,125.00,0.777,28.4
32.526,TRACKING,272,20,14.02,1.03,10.00,125.00,10.00,125.00,0.780,28.4
32.562,TRACKING,269,21,13.87,1.08,10.00,125.00,10.00,125.00,0.778,28.3
32.597,TRACKING,270,20,13.92,1.03,10.00,125.00,10.00,125.00,0.801,28.4
32.632,TRACKING,267,21,13.77,1.08,10.00,125.00,10.00,125.00,0.790,28.4
32.667,TRACKING,263,24,13.56,1.24,10.00,125.00,10.00,125.00,0.766,28.4
32.702,TRACKING,261,28,13.46,1.44,10.00,125.00,10.00,125.00,0.797,28.4
32.737,TRACKING,259,32,13.35,1.65,10.00,125.00,10.00,125.00,0.811,28.4
32.772,TRACKING,254,33,13.10,1.70,10.00,125.00,10.00,125.00,0.806,28.5
32.806,TRACKING,251,33,12.94,1.70,10.00,125.00,10.00,125.00,0.817,28.5
32.841,TRACKING,248,33,12.79,1.70,10.00,125.00,10.00,125.00,0.836,28.5
32.876,TRACKING,244,33,12.58,1.70,10.00,125.00,10.00,125.00,0.840,28.5
32.911,TRACKING,239,35,12.32,1.80,10.00,125.00,10.00,125.00,0.836,28.5
32.946,TRACKING,236,35,12.17,1.80,10.00,125.00,10.00,125.00,0.855,28.5
32.982,TRACKING,232,35,11.96,1.80,10.00,125.00,10.00,125.00,0.850,28.5
33.017,TRACKING,228,37,11.76,1.91,10.00,125.00,10.00,125.00,0.843,28.5
33.052,TRACKING,223,39,11.50,2.01,10.00,125.00,10.00,125.00,0.834,28.5
33.087,TRACKING,218,38,11.24,1.96,10.00,125.00,10.00,125.00,0.863,28.5
33.122,TRACKING,214,42,11.03,2.16,10.00,125.00,10.00,125.00,0.866,28.5
33.157,TRACKING,208,45,10.72,2.32,10.00,125.00,10.00,125.00,0.863,28.5
33.191,TRACKING,205,46,10.57,2.37,10.00,125.00,10.00,125.00,0.843,28.6
33.227,TRACKING,202,48,10.42,2.47,10.00,125.00,10.00,125.00,0.849,28.5
33.262,TRACKING,199,51,10.26,2.63,10.00,125.00,10.00,125.00,0.858,28.5
33.297,TRACKING,196,55,10.11,2.83,10.00,125.00,10.00,125.00,0.846,28.5
33.332,TRACKING,192,62,9.90,3.19,10.00,125.00,10.00,125.00,0.845,28.6
33.366,TRACKING,190,62,9.80,3.19,10.00,125.00,10.00,125.00,0.835,28.6
33.402,TRACKING,188,65,9.69,3.35,10.00,125.00,10.00,125.00,0.836,28.5
33.437,TRACKING,185,67,9.54,3.45,10.00,125.00,10.00,125.00,0.850,28.5
33.472,TRACKING,184,69,9.49,3.56,10.00,125.00,10.00,125.00,0.860,28.5
33.507,TRACKING,181,74,9.33,3.81,10.00,125.00,10.00,125.00,0.867,28.5
33.543,TRACKING,181,76,9.33,3.92,10.00,125.00,10.00,125.00,0.852,28.5
33.578,TRACKING,181,78,9.33,4.02,10.00,125.00,10.00,125.00,0.839,28.5
33.613,TRACKING,179,79,9.23,4.07,10.00,125.00,10.00,125.00,0.847,28.5
33.648,TRACKING,178,80,9.18,4.12,10.00,125.00,10.00,125.00,0.840,28.5
33.685,TRACKING,179,80,9.23,4.12,10.00,125.00,10.00,125.00,0.840,28.3
33.721,TRACKING,179,80,9.23,4.12,10.00,125.00,10.00,125.00,0.836,28.3
33.758,TRACKING,179,80,9.23,4.12,10.00,125.00,10.00,125.00,0.841,28.2
33.794,TRACKING,179,81,9.23,4.17,10.00,125.00,10.00,125.00,0.844,28.1
33.830,TRACKING,181,81,9.33,4.17,10.00,125.00,10.00,125.00,0.843,28.1
33.866,TRACKING,182,83,9.38,4.28,10.00,125.00,10.00,125.00,0.834,28.0
33.902,TRACKING,186,84,9.59,4.33,10.00,125.00,10.00,125.00,0.849,28.0
33.939,TRACKING,187,83,9.64,4.28,10.00,125.00,10.00,125.00,0.839,28.0
33.976,TRACKING,189,84,9.75,4.33,10.00,125.00,10.00,125.00,0.836,27.9
34.012,TRACKING,190,86,9.80,4.43,10.00,125.00,10.00,125.00,0.829,27.8
34.049,TRACKING,194,87,10.00,4.48,10.00,125.00,10.00,125.00,0.839,27.7
34.086,TRACKING,195,87,10.05,4.48,10.00,125.00,10.00,125.00,0.829,27.7
34.123,TRACKING,197,87,10.16,4.48,10.00,125.00,10.00,125.00,0.832,27.6
34.160,TRACKING,197,87,10.16,4.48,10.00,125.00,10.00,125.00,0.840,27.6
34.195,TRACKING,198,87,10.21,4.48,10.00,125.00,10.00,125.00,0.833,27.6
34.230,TRACKING,199,87,10.26,4.48,10.00,125.00,10.00,125.00,0.815,27.7
34.265,TRACKING,201,93,10.36,4.79,10.00,125.00,10.00,125.00,0.820,27.8
34.300,TRACKING,202,95,10.42,4.90,10.00,125.00,10.00,125.00,0.829,27.9
34.335,TRACKING,205,96,10.57,4.95,10.00,125.00,10.00,125.00,0.833,28.0
34.370,TRACKING,206,97,10.62,5.00,10.00,125.00,10.00,125.00,0.838,28.1
34.405,TRACKING,207,96,10.67,4.95,10.00,125.00,10.00,125.00,0.833,28.1
34.440,TRACKING,207,97,10.67,5.00,10.00,125.00,10.00,125.00,0.831,28.2
34.474,TRACKING,207,97,10.67,5.00,10.00,125.00,10.00,125.00,0.833,28.2
34.511,TRACKING,207,97,10.67,5.00,10.00,125.00,10.00,125.00,0.829,28.1
34.547,TRACKING,206,98,10.62,5.05,10.00,125.00,10.00,125.00,0.830,28.1
34.584,TRACKING,206,99,10.62,5.10,10.00,125.00,10.00,125.00,0.829,28.0
34.620,TRACKING,205,99,10.57,5.10,10.00,125.00,10.00,125.00,0.826,27.9
34.657,TRACKING,205,99,10.57,5.10,10.00,125.00,10.00,125.00,0.817,27.9
34.694,TRACKING,202,98,10.42,5.05,10.00,125.00,10.00,125.00,0.806,27.8
34.730,TRACKING,202,99,10.42,5.10,10.00,125.00,10.00,125.00,0.807,27.8
34.767,TRACKING,202,100,10.42,5.15,10.00,125.00,10.00,125.00,0.788,27.7
34.803,TRACKING,202,103,10.42,5.31,10.00,125.00,10.00,125.00,0.794,27.7
34.840,TRACKING,202,107,10.42,5.51,10.00,125.00,10.00,125.00,0.807,27.7
34.876,TRACKING,202,107,10.42,5.51,10.00,125.00,10.00,125.00,0.834,27.6
34.913,TRACKING,201,109,10.36,5.62,10.00,125.00,10.00,125.00,0.838,27.6
34.949,TRACKING,201,113,10.36,5.82,10.00,125.00,10.00,125.00,0.799,27.6
34.984,TRACKING,202,119,10.42,6.13,10.00,125.00,10.00,125.00,0.830,27.7
35.019,TRACKING,202,125,10.42,6.44,10.00,125.00,10.00,125.00,0.826,27.8
35.054,TRACKING,203,126,10.47,6.49,10.00,125.00,10.00,125.00,0.849,27.9
35.089,TRACKING,204,126,10.52,6.49,10.00,125.00,10.00,125.00,0.846,28.0
35.124,TRACKING,203,128,10.47,6.60,10.00,125.00,10.00,125.00,0.826,28.0
35.159,TRACKING,204,130,10.52,6.70,10.00,125.00,10.00,125.00,0.816,28.1
35.194,TRACKING,205,131,10.57,6.75,10.00,125.00,10.00,125.00,0.828,28.1
35.230,TRACKING,205,132,10.57,6.80,10.00,125.00,10.00,125.00,0.836,28.1
35.266,TRACKING,204,132,10.52,6.80,10.00,125.00,10.00,125.00,0.841,28.0
35.303,TRACKING,204,134,10.52,6.90,10.00,125.00,10.00,125.00,0.843,28.0
35.339,TRACKING,203,134,10.47,6.90,10.00,125.00,10.00,125.00,0.846,28.0
35.375,TRACKING,203,136,10.47,7.01,10.00,125.00,10.00,125.00,0.846,27.9
35.411,TRACKING,204,136,10.52,7.01,10.00,125.00,10.00,125.00,0.857,27.9
35.448,TRACKING,202,136,10.42,7.01,10.00,125.00,10.00,125.00,0.863,27.8
35.484,TRACKING,203,138,10.47,7.11,10.00,125.00,10.00,125.00,0.864,27.8
35.521,TRACKING,201,138,10.36,7.11,10.00,125.00,10.00,125.00,0.867,27.7
35.558,TRACKING,201,137,10.36,7.06,10.00,125.00,10.00,125.00,0.866,27.6
35.595,TRACKING,200,139,10.31,7.16,10.00,125.00,10.00,125.00,0.866,27.6
35.631,TRACKING,200,138,10.31,7.11,10.00,125.00,10.00,125.00,0.865,27.6
35.667,TRACKING,200,139,10.31,7.16,10.00,125.00,10.00,125.00,0.863,27.6
35.702,TRACKING,200,140,10.31,7.21,10.00,125.00,10.00,125.00,0.862,27.7
35.737,TRACKING,201,142,10.36,7.32,10.00,125.00,10.00,125.00,0.866,27.8
35.771,TRACKING,202,143,10.42,7.37,10.00,125.00,10.00,125.00,0.869,28.0
35.806,TRACKING,202,146,10.42,7.52,10.00,125.00,10.00,125.00,0.873,28.0
35.841,TRACKING,203,147,10.47,7.57,10.00,125.00,10.00,125.00,0.875,28.1
35.876,TRACKING,203,149,10.47,7.68,10.00,125.00,10.00,125.00,0.876,28.1
35.912,TRACKING,205,149,10.57,7.68,10.00,125.00,10.00,125.00,0.878,28.1
35.948,TRACKING,205,151,10.57,7.78,10.00,125.00,10.00,125.00,0.884,28.1
35.984,TRACKING,205,153,10.57,7.88,10.00,125.00,10.00,125.00,0.886,28.0
36.020,TRACKING,205,153,10.57,7.88,10.00,125.00,10.00,125.00,0.884,28.0
36.057,TRACKING,204,155,10.52,7.99,10.00,125.00,10.00,125.00,0.881,27.9
36.094,TRACKING,205,155,10.57,7.99,10.00,125.00,10.00,125.00,0.881,27.8
36.131,TRACKING,205,156,10.57,8.04,10.00,125.00,10.00,125.00,0.880,27.8
36.168,TRACKING,204,156,10.52,8.04,10.00,125.00,10.00,125.00,0.874,27.7
36.204,TRACKING,205,157,10.57,8.09,10.00,125.00,10.00,125.00,0.867,27.6
36.241,TRACKING,206,159,10.62,8.19,10.00,125.00,10.00,125.00,0.867,27.6
36.278,TRACKING,206,159,10.62,8.19,10.00,125.00,10.00,125.00,0.861,27.6
36.314,TRACKING,207,161,10.67,8.30,10.00,125.00,10.00,125.00,0.859,27.6
36.350,TRACKING,208,162,10.72,8.35,10.00,125.00,10.00,125.00,0.863,27.6
36.385,TRACKING,208,166,10.72,8.55,10.00,125.00,10.00,125.00,0.870,27.7
36.420,TRACKING,208,166,10.72,8.55,10.00,125.00,10.00,125.00,0.866,27.8
36.456,TRACKING,208,170,10.72,8.76,10.00,125.00,10.00,125.00,0.877,27.8
36.492,TRACKING,208,171,10.72,8.81,10.00,125.00,10.00,125.00,0.897,27.8
36.528,TRACKING,209,173,10.78,8.91,10.00,125.00,10.00,125.00,0.889,27.8
36.565,TRACKING,209,174,10.78,8.97,10.00,125.00,10.00,125.00,0.877,27.7
36.601,TRACKING,210,176,10.83,9.07,10.00,125.00,10.00,125.00,0.881,27.7
36.638,TRACKING,210,177,10.83,9.12,10.00,125.00,10.00,125.00,0.885,27.6
36.675,TRACKING,210,179,10.83,9.22,10.00,125.00,10.00,125.00,0.887,27.6
36.711,TRACKING,210,180,10.83,9.28,10.00,125.00,10.00,125.00,0.886,27.6
36.748,TRACKING,210,182,10.83,9.38,10.00,125.00,10.00,125.00,0.883,27.6
36.785,TRACKING,209,183,10.78,9.43,10.00,125.00,10.00,125.00,0.892,27.5
36.821,TRACKING,210,184,10.83,9.48,10.00,125.00,10.00,125.00,0.893,27.5
36.857,TRACKING,211,187,10.88,9.64,10.00,125.00,10.00,125.00,0.896,27.5
36.893,TRACKING,212,189,10.93,9.74,10.00,125.00,10.00,125.00,0.886,27.6
36.928,TRACKING,214,193,11.03,9.94,10.00,125.00,10.00,125.00,0.878,27.7
36.963,TRACKING,214,199,11.03,10.25,10.00,125.00,10.00,125.00,0.886,27.7
36.999,TRACKING,215,200,11.09,10.31,10.00,125.00,10.00,125.00,0.896,27.7
37.035,TRACKING,216,201,11.14,10.36,10.00,125.00,10.00,125.00,0.898,27.8
37.071,TRACKING,218,202,11.24,10.41,10.00,125.00,10.00,125.00,0.895,27.7
37.108,TRACKING,219,205,11.29,10.56,10.00,125.00,10.00,125.00,0.890,27.7
37.145,TRACKING,219,205,11.29,10.56,10.00,125.00,10.00,125.00,0.885,27.6
37.182,TRACKING,220,207,11.34,10.67,10.00,125.00,10.00,125.00,0.883,27.6
37.218,TRACKING,220,209,11.34,10.77,10.00,125.00,10.00,125.00,0.888,27.6
37.255,TRACKING,220,210,11.34,10.82,10.00,125.00,10.00,125.00,0.888,27.5
37.292,TRACKING,221,211,11.40,10.87,10.00,125.00,10.00,125.00,0.890,27.5
37.328,TRACKING,221,213,11.40,10.98,10.00,125.00,10.00,125.00,0.889,27.5
37.364,TRACKING,221,217,11.40,11.18,10.00,125.00,10.00,125.00,0.891,27.5
37.399,TRACKING,222,218,11.45,11.23,10.00,125.00,10.00,125.00,0.896,27.6
37.434,TRACKING,222,219,11.45,11.28,10.00,125.00,10.00,125.00,0.895,27.7
37.470,TRACKING,222,220,11.45,11.34,10.00,125.00,10.00,125.00,0.895,27.7
37.507,TRACKING,222,219,11.45,11.28,10.00,125.00,10.00,125.00,0.892,27.7
37.544,TRACKING,221,216,11.40,11.13,10.00,125.00,10.00,125.00,0.893,27.6
37.580,TRACKING,219,212,11.29,10.92,10.00,125.00,10.00,125.00,0.886,27.6
37.617,TRACKING,218,210,11.24,10.82,10.00,125.00,10.00,125.00,0.889,27.6
37.653,TRACKING,217,206,11.19,10.61,10.00,125.00,10.00,125.00,0.882,27.6
37.690,TRACKING,217,204,11.19,10.51,10.00,125.00,10.00,125.00,0.884,27.6
37.726,TRACKING,215,198,11.09,10.20,10.00,125.00,10.00,125.00,0.884,27.6
37.762,TRACKING,214,191,11.03,9.84,10.00,125.00,10.00,125.00,0.876,27.6
37.799,TRACKING,213,184,10.98,9.48,10.00,125.00,10.00,125.00,0.882,27.5
37.834,TRACKING,210,173,10.83,8.91,10.00,125.00,10.00,125.00,0.878,27.6
37.869,TRACKING,209,167,10.78,8.61,10.00,125.00,10.00,125.00,0.859,27.7
37.905,TRACKING,208,161,10.72,8.30,10.00,125.00,10.00,125.00,0.852,27.7
37.941,TRACKING,207,155,10.67,7.99,10.00,125.00,10.00,125.00,0.852,27.7
37.978,TRACKING,205,147,10.57,7.57,10.00,125.00,10.00,125.00,0.859,27.7
38.014,TRACKING,202,141,10.42,7.27,10.00,125.00,10.00,125.00,0.853,27.7
38.050,TRACKING,203,136,10.47,7.01,10.00,125.00,10.00,125.00,0.837,27.7
38.087,TRACKING,201,132,10.36,6.80,10.00,125.00,10.00,125.00,0.838,27.6
38.123,TRACKING,199,127,10.26,6.54,10.00,125.00,10.00,125.00,0.849,27.6
38.160,TRACKING,198,122,10.21,6.29,10.00,125.00,10.00,125.00,0.809,27.6
38.197,TRACKING,198,115,10.21,5.93,10.00,125.00,10.00,125.00,0.824,27.5
38.233,TRACKING,194,114,10.00,5.87,10.00,125.00,10.00,125.00,0.813,27.5
38.270,TRACKING,194,111,10.00,5.72,10.00,125.00,10.00,125.00,0.804,27.5
38.304,TRACKING,193,104,9.95,5.36,10.00,125.00,10.00,125.00,0.753,27.6
38.339,TRACKING,193,100,9.95,5.15,10.00,125.00,10.00,125.00,0.792,27.8
38.375,TRACKING,193,99,9.95,5.10,10.00,125.00,10.00,125.00,0.809,27.8
38.410,TRACKING,193,97,9.95,5.00,10.00,125.00,10.00,125.00,0.800,27.8
38.447,TRACKING,194,107,10.00,5.51,10.00,125.00,10.00,125.00,0.791,27.8
38.483,TRACKING,192,88,9.90,4.53,10.00,125.00,10.00,125.00,0.732,27.8
38.520,TRACKING,193,91,9.95,4.69,10.00,125.00,10.00,125.00,0.732,27.7
38.556,TRACKING,191,85,9.85,4.38,10.00,125.00,10.00,125.00,0.780,27.7
38.593,TRACKING,191,84,9.85,4.33,10.00,125.00,10.00,125.00,0.811,27.6
38.629,TRACKING,191,83,9.85,4.28,10.00,125.00,10.00,125.00,0.808,27.7
38.665,TRACKING,191,82,9.85,4.23,10.00,125.00,10.00,125.00,0.818,27.6
38.702,TRACKING,192,81,9.90,4.17,10.00,125.00,10.00,125.00,0.831,27.6
38.738,TRACKING,194,81,10.00,4.17,10.00,125.00,10.00,125.00,0.825,27.6
38.774,TRACKING,197,85,10.16,4.38,10.00,125.00,10.00,125.00,0.822,27.6
38.809,TRACKING,196,94,10.11,4.84,10.00,125.00,10.00,125.00,0.773,27.7
38.844,TRACKING,197,93,10.16,4.79,10.00,125.00,10.00,125.00,0.817,27.8
38.880,TRACKING,198,94,10.21,4.84,10.00,125.00,10.00,125.00,0.843,27.8
38.916,TRACKING,198,96,10.21,4.95,10.00,125.00,10.00,125.00,0.839,27.8
38.953,TRACKING,198,100,10.21,5.15,10.00,125.00,10.00,125.00,0.830,27.7
38.990,TRACKING,199,101,10.26,5.20,10.00,125.00,10.00,125.00,0.835,27.7
39.026,TRACKING,198,102,10.21,5.26,10.00,125.00,10.00,125.00,0.828,27.6
39.063,TRACKING,197,103,10.16,5.31,10.00,125.00,10.00,125.00,0.822,27.6
39.100,TRACKING,195,104,10.05,5.36,10.00,125.00,10.00,125.00,0.814,27.5
39.138,TRACKING,195,105,10.05,5.41,10.00,125.00,10.00,125.00,0.824,27.5
39.175,TRACKING,195,105,10.05,5.41,10.00,125.00,10.00,125.00,0.840,27.4
39.210,TRACKING,193,105,9.95,5.41,10.00,125.00,10.00,125.00,0.821,27.5
39.246,TRACKING,192,102,9.90,5.26,10.00,125.00,10.00,125.00,0.838,27.6
39.281,TRACKING,192,101,9.90,5.20,10.00,125.00,10.00,125.00,0.847,27.6
39.317,TRACKING,191,98,9.85,5.05,10.00,125.00,10.00,125.00,0.846,27.6
39.353,TRACKING,190,96,9.80,4.95,10.00,125.00,10.00,125.00,0.834,27.6
39.390,TRACKING,188,95,9.69,4.90,10.00,125.00,10.00,125.00,0.850,27.6
39.427,TRACKING,186,95,9.59,4.90,10.00,125.00,10.00,125.00,0.858,27.6
39.465,TRACKING,185,92,9.54,4.74,10.00,125.00,10.00,125.00,0.863,27.4
39.502,TRACKING,183,92,9.44,4.74,10.00,125.00,10.00,125.00,0.877,27.4
39.539,TRACKING,181,91,9.33,4.69,10.00,125.00,10.00,125.00,0.881,27.3
39.576,TRACKING,179,88,9.23,4.53,10.00,125.00,10.00,125.00,0.874,27.3
39.612,TRACKING,177,85,9.13,4.38,10.00,125.00,10.00,125.00,0.857,27.4
39.647,TRACKING,170,77,8.77,3.97,10.00,125.00,10.00,125.00,0.854,27.5
39.682,TRACKING,167,74,8.61,3.81,10.00,125.00,10.00,125.00,0.867,27.6
39.718,TRACKING,163,71,8.40,3.66,10.00,125.00,10.00,125.00,0.849,27.6
39.754,TRACKING,160,69,8.25,3.56,10.00,125.00,10.00,125.00,0.848,27.6
39.791,TRACKING,157,66,8.10,3.40,10.00,125.00,10.00,125.00,0.855,27.6
39.827,TRACKING,154,65,7.94,3.35,10.00,125.00,10.00,125.00,0.863,27.6
39.864,TRACKING,152,64,7.84,3.30,10.00,125.00,10.00,125.00,0.848,27.5
39.901,TRACKING,149,62,7.68,3.19,10.00,125.00,10.00,125.00,0.839,27.5
39.938,TRACKING,149,61,7.68,3.14,10.00,125.00,10.00,125.00,0.854,27.5
39.974,TRACKING,149,58,7.68,2.99,10.00,125.00,10.00,125.00,0.860,27.5
40.010,TRACKING,147,53,7.58,2.73,10.00,125.00,10.00,125.00,0.844,27.5
40.047,TRACKING,148,51,7.63,2.63,10.00,125.00,10.00,125.00,0.848,27.4
40.084,TRACKING,147,47,7.58,2.42,10.00,125.00,10.00,125.00,0.840,27.4
40.120,TRACKING,146,43,7.53,2.22,10.00,125.00,10.00,125.00,0.867,27.4
40.156,TRACKING,147,33,7.58,1.70,10.00,125.00,10.00,125.00,0.856,27.5
40.191,TRACKING,147,31,7.58,1.60,10.00,125.00,10.00,125.00,0.873,27.6
40.227,TRACKING,149,26,7.68,1.34,10.00,125.00,10.00,125.00,0.879,27.6
40.262,TRACKING,152,22,7.84,1.13,10.00,125.00,10.00,125.00,0.884,27.7
40.297,TRACKING,154,19,7.94,0.98,10.00,125.00,10.00,125.00,0.859,27.8
40.333,TRACKING,158,14,8.15,0.72,10.00,125.00,10.00,125.00,0.839,27.8
40.369,TRACKING,162,9,8.35,0.46,10.00,125.00,10.00,125.00,0.868,27.8
40.405,TRACKING,166,5,8.56,0.26,10.00,125.00,10.00,125.00,0.860,27.7
40.442,TRACKING,170,0,8.77,0.00,10.00,125.00,10.00,125.00,0.851,27.7
40.479,TRACKING,172,-7,8.87,-0.36,10.00,125.00,10.00,125.00,0.853,27.6
40.517,TRACKING,176,-10,9.07,-0.52,10.00,125.00,10.00,125.00,0.838,27.5
40.553,TRACKING,179,-16,9.23,-0.82,10.00,125.00,10.00,125.00,0.847,27.5
40.590,TRACKING,180,-22,9.28,-1.13,10.00,125.00,10.00,125.00,0.878,27.5
40.627,TRACKING,183,-27,9.44,-1.39,10.00,125.00,10.00,125.00,0.880,27.5
40.663,TRACKING,186,-30,9.59,-1.55,10.00,125.00,10.00,125.00,0.883,27.4
40.699,TRACKING,189,-30,9.75,-1.55,10.00,125.00,10.00,125.00,0.884,27.5
40.736,TRACKING,191,-31,9.85,-1.60,10.00,125.00,10.00,125.00,0.879,27.5
40.772,TRACKING,192,-29,9.90,-1.49,10.00,125.00,10.00,125.00,0.877,27.5
40.809,TRACKING,195,-30,10.05,-1.55,10.00,125.00,10.00,125.00,0.883,27.4
40.846,TRACKING,196,-31,10.11,-1.60,10.00,125.00,10.00,125.00,0.884,27.4
40.882,TRACKING,197,-31,10.16,-1.60,10.00,125.00,10.00,125.00,0.888,27.5
40.918,TRACKING,203,-32,10.47,-1.65,10.00,125.00,10.00,125.00,0.891,27.5
40.953,TRACKING,207,-32,10.67,-1.65,10.00,125.00,10.00,125.00,0.878,27.6
40.988,TRACKING,210,-32,10.83,-1.65,10.00,125.00,10.00,125.00,0.874,27.7
41.024,TRACKING,211,-30,10.88,-1.55,10.00,125.00,10.00,125.00,0.878,27.7
41.060,TRACKING,215,-27,11.09,-1.39,10.00,125.00,10.00,125.00,0.889,27.7
41.095,TRACKING,218,-25,11.24,-1.29,10.00,125.00,10.00,125.00,0.898,27.7
41.131,TRACKING,221,-22,11.40,-1.13,10.00,125.00,10.00,125.00,0.891,27.8
41.166,TRACKING,223,-20,11.50,-1.03,10.00,125.00,10.00,125.00,0.882,27.9
41.201,TRACKING,225,-14,11.60,-0.72,10.00,125.00,10.00,125.00,0.874,27.9
41.236,TRACKING,229,-5,11.81,-0.26,10.00,125.00,10.00,125.00,0.889,28.0
41.271,TRACKING,232,4,11.96,0.21,10.00,125.00,10.00,125.00,0.901,28.0
41.306,TRACKING,232,15,11.96,0.77,10.00,125.00,10.00,125.00,0.878,28.1
41.342,TRACKING,232,46,11.96,2.37,10.00,125.00,10.00,125.00,0.882,28.1
41.380,TRACKING,234,65,12.07,3.35,10.00,125.00,10.00,125.00,0.888,27.9
41.416,TRACKING,232,77,11.96,3.97,10.00,125.00,10.00,125.00,0.902,27.9
41.452,TRACKING,232,88,11.96,4.53,10.00,125.00,10.00,125.00,0.909,27.9
41.487,TRACKING,231,92,11.91,4.74,10.00,125.00,10.00,125.00,0.916,27.9
41.523,TRACKING,229,90,11.81,4.64,10.00,125.00,10.00,125.00,0.918,27.9
41.559,TRACKING,230,88,11.86,4.53,10.00,125.00,10.00,125.00,0.916,27.9
41.596,TRACKING,231,81,11.91,4.17,10.00,125.00,10.00,125.00,0.920,27.8
41.632,TRACKING,233,74,12.01,3.81,10.00,125.00,10.00,125.00,0.920,27.8
41.669,TRACKING,234,68,12.07,3.50,10.00,125.00,10.00,125.00,0.916,27.7
41.706,TRACKING,239,58,12.32,2.99,10.00,125.00,10.00,125.00,0.905,27.7
41.743,TRACKING,242,48,12.48,2.47,10.00,125.00,10.00,125.00,0.915,27.6
41.780,TRACKING,245,42,12.63,2.16,10.00,125.00,10.00,125.00,0.913,27.5
41.816,TRACKING,249,37,12.84,1.91,10.00,125.00,10.00,125.00,0.913,27.5
41.853,TRACKING,253,27,13.05,1.39,10.00,125.00,10.00,125.00,0.906,27.5
41.890,TRACKING,260,17,13.41,0.88,10.00,125.00,10.00,125.00,0.911,27.5
41.926,TRACKING,270,17,13.92,0.88,10.00,125.00,10.00,125.00,0.917,27.5
41.961,TRACKING,286,22,14.75,1.13,10.00,125.00,10.00,125.00,0.902,27.6
41.997,TRACKING,298,23,15.37,1.19,10.00,125.00,10.00,125.00,0.910,27.6
42.033,TRACKING,313,24,16.14,1.24,10.00,125.00,10.00,125.00,0.907,27.7
42.070,TRACKING,318,24,16.40,1.24,10.00,125.00,10.00,125.00,0.901,27.6
42.106,TRACKING,325,22,16.76,1.13,10.00,125.00,10.00,125.00,0.914,27.6
42.143,TRACKING,332,15,17.12,0.77,10.00,125.00,10.00,125.00,0.917,27.6
42.179,TRACKING,335,13,17.27,0.67,10.00,125.00,10.00,125.00,0.909,27.6
42.216,TRACKING,340,8,17.53,0.41,10.00,125.00,10.00,125.00,0.910,27.5
42.252,TRACKING,339,5,17.48,0.26,10.00,125.00,10.00,125.00,0.906,27.5
42.289,TRACKING,341,2,17.58,0.10,10.00,125.00,10.00,125.00,0.904,27.5
42.326,TRACKING,343,0,17.69,0.00,10.00,125.00,10.00,125.00,0.905,27.4
42.363,TRACKING,341,-2,17.58,-0.10,10.00,125.00,10.00,125.00,0.905,27.4
42.400,TRACKING,342,-4,17.63,-0.21,10.00,125.00,10.00,125.00,0.907,27.4
42.437,TRACKING,342,-5,17.63,-0.26,10.00,125.00,10.00,125.00,0.908,27.3
42.473,TRACKING,339,-8,17.48,-0.41,10.00,125.00,10.00,125.00,0.905,27.3
42.510,TRACKING,337,-8,17.38,-0.41,10.00,125.00,10.00,125.00,0.906,27.3
42.545,TRACKING,325,-12,16.76,-0.62,10.00,125.00,10.00,125.00,0.908,27.5
42.580,TRACKING,317,-10,16.35,-0.52,10.00,125.00,10.00,125.00,0.911,27.6
42.615,TRACKING,309,-12,15.93,-0.62,10.00,125.00,10.00,125.00,0.913,27.7
42.650,TRACKING,296,-9,15.26,-0.46,10.00,125.00,10.00,125.00,0.919,27.7
42.686,TRACKING,284,-4,14.64,-0.21,10.00,125.00,10.00,125.00,0.910,27.8
42.722,TRACKING,270,-4,13.92,-0.21,10.00,125.00,10.00,125.00,0.904,27.8
42.758,TRACKING,250,2,12.89,0.10,10.00,125.00,10.00,125.00,0.907,27.8
42.794,TRACKING,229,3,11.81,0.15,10.00,125.00,10.00,125.00,0.912,27.8
42.830,TRACKING,209,8,10.78,0.41,10.00,125.00,10.00,125.00,0.904,27.8
42.866,TRACKING,184,13,9.49,0.67,10.00,125.00,10.00,125.00,0.902,27.8
42.902,TRACKING,154,21,7.94,1.08,10.00,125.00,10.00,125.00,0.896,27.8
42.938,TRACKING,132,24,6.81,1.24,10.00,125.00,10.00,125.00,0.892,27.8
42.974,TRACKING,108,26,5.57,1.34,10.00,125.00,10.00,125.00,0.903,27.7
43.011,TRACKING,85,29,4.38,1.49,10.00,125.00,10.00,125.00,0.900,27.7
43.048,TRACKING,62,27,3.20,1.39,10.00,125.00,10.00,125.00,0.892,27.6
43.085,TRACKING,43,28,2.22,1.44,10.00,125.00,10.00,125.00,0.904,27.6
43.122,TRACKING,24,26,1.24,1.34,10.00,125.00,10.00,125.00,0.884,27.5
43.158,TRACKING,10,23,0.52,1.19,10.00,125.00,10.00,125.00,0.838,27.5
43.195,TRACKING,-5,24,-0.26,1.24,10.00,125.00,10.00,125.00,0.875,27.5
43.231,TRACKING,-19,25,-0.98,1.29,10.00,125.00,10.00,125.00,0.912,27.5
43.269,TRACKING,-32,26,-1.65,1.34,10.00,125.00,10.00,125.00,0.915,27.4
43.306,TRACKING,-42,28,-2.17,1.44,10.00,125.00,10.00,125.00,0.918,27.4
43.343,TRACKING,-55,29,-2.84,1.49,10.00,125.00,10.00,125.00,0.916,27.3
43.380,TRACKING,-62,30,-3.20,1.55,10.00,125.00,10.00,125.00,0.906,27.3
43.416,TRACKING,-69,30,-3.56,1.55,10.00,125.00,10.00,125.00,0.919,27.3
43.451,TRACKING,-77,29,-3.97,1.49,10.00,125.00,10.00,125.00,0.912,27.4
43.498,TRACKING,-86,30,-4.43,1.55,10.73,125.00,10.00,125.00,0.910,26.8
43.546,TRACKING,-95,28,-4.90,1.44,11.58,125.00,10.73,125.00,0.911,26.2
43.595,TRACKING,-104,29,-5.36,1.49,12.55,125.00,11.58,125.00,0.914,25.7
43.644,TRACKING,-116,32,-5.98,1.65,13.66,125.00,12.55,125.00,0.912,25.1
43.693,TRACKING,-127,32,-6.55,1.65,14.89,125.00,13.66,125.00,0.908,24.6
43.745,TRACKING,-142,34,-7.32,1.75,16.28,125.00,14.89,125.00,0.911,24.1
43.795,TRACKING,-154,39,-7.94,2.01,17.82,125.00,16.28,125.00,0.904,23.7
43.846,TRACKING,-157,44,-8.10,2.27,19.48,125.00,17.82,125.00,0.904,23.3
43.895,TRACKING,-185,52,-9.54,2.68,21.32,125.00,19.48,125.00,0.855,23.0
43.946,TRACKING,-195,61,-10.05,3.14,23.33,125.00,21.32,125.00,0.886,22.6
43.997,TRACKING,-213,69,-10.98,3.56,25.53,125.00,23.33,125.00,0.906,22.4
44.044,TRACKING,-218,75,-11.24,3.86,27.88,125.00,25.53,125.00,0.910,22.2
44.092,TRACKING,-236,74,-12.17,3.81,30.40,125.00,27.88,125.00,0.902,22.1
44.136,TRACKING,-235,79,-12.12,4.07,33.06,125.00,30.40,125.00,0.894,22.2
44.178,TRACKING,-244,85,-12.58,4.38,35.83,125.00,33.02,125.00,0.898,22.3
44.218,TRACKING,-245,87,-12.63,4.48,38.71,125.00,35.67,125.00,0.901,22.6
44.257,TRACKING,-247,89,-12.74,4.59,41.66,125.00,38.22,125.00,0.901,22.9
44.294,TRACKING,-251,92,-12.94,4.74,44.68,125.00,39.49,125.00,0.888,23.3
44.332,TRACKING,-242,95,-12.48,4.90,47.73,125.00,42.04,125.00,0.892,23.6
44.368,TRACKING,-238,96,-12.27,4.95,50.78,125.00,44.64,125.00,0.889,24.1
44.405,TRACKING,-223,99,-11.50,5.10,53.79,125.00,47.28,125.00,0.886,24.3
44.441,TRACKING,-218,100,-11.24,5.15,56.75,125.00,48.53,125.00,0.888,24.7
44.478,TRACKING,-214,101,-11.03,5.20,59.67,125.00,51.10,125.00,0.890,24.9
44.514,TRACKING,-209,102,-10.78,5.26,62.52,125.00,53.63,125.00,0.899,25.2
44.549,TRACKING,-208,101,-10.72,5.20,65.34,125.00,54.89,125.00,0.900,25.5
44.586,TRACKING,-201,102,-10.36,5.26,68.10,125.00,57.41,125.00,0.898,25.7
44.621,TRACKING,-208,100,-10.72,5.15,70.84,125.00,60.07,125.00,0.898,26.0
44.656,TRACKING,-213,98,-10.98,5.05,73.59,125.00,61.32,125.00,0.898,26.2
44.691,TRACKING,-217,96,-11.19,4.95,76.34,125.00,63.83,125.00,0.900,26.5
44.726,TRACKING,-228,93,-11.76,4.79,79.14,125.00,66.44,125.00,0.905,26.7
44.761,TRACKING,-235,92,-12.12,4.74,82.00,125.00,67.69,125.00,0.900,26.8
44.797,TRACKING,-244,90,-12.58,4.64,84.94,125.00,70.22,125.00,0.908,27.0
44.832,TRACKING,-253,92,-13.05,4.74,87.95,125.00,72.77,125.00,0.909,27.1
44.868,TRACKING,-260,90,-13.41,4.64,91.05,125.00,74.05,125.00,0.905,27.1
44.905,TRACKING,-268,88,-13.82,4.53,94.24,125.00,76.56,125.00,0.901,27.2
44.940,TRACKING,-278,89,-14.33,4.59,97.53,125.00,79.08,125.00,0.895,27.3
44.978,TRACKING,-287,84,-14.80,4.33,100.93,125.00,81.60,125.00,0.889,27.2
45.014,TRACKING,-293,87,-15.11,4.48,104.42,125.00,82.85,125.00,0.902,27.2
45.051,TRACKING,-303,80,-15.62,4.12,108.01,125.00,85.36,125.00,0.889,27.2
45.088,TRACKING,-315,83,-16.24,4.28,111.72,125.00,87.88,125.00,0.899,27.2
45.125,TRACKING,-325,87,-16.76,4.48,115.55,125.00,90.41,125.00,0.901,27.2
45.161,TRACKING,-341,85,-17.58,4.38,119.53,125.00,91.68,125.00,0.901,27.2
45.197,TRACKING,-351,86,-18.10,4.43,123.64,125.00,94.18,125.00,0.896,27.3
45.234,TRACKING,-359,86,-18.51,4.43,127.88,125.00,96.70,125.00,0.895,27.3
45.271,TRACKING,-365,85,-18.82,4.38,132.24,125.00,98.07,125.00,0.890,27.3
45.308,TRACKING,-366,86,-18.87,4.43,136.69,125.00,100.59,125.00,0.888,27.2
45.345,TRACKING,-369,86,-19.03,4.43,141.22,125.00,103.11,125.00,0.895,27.2
45.382,TRACKING,-369,84,-19.03,4.33,145.81,125.00,105.76,125.00,0.896,27.2
45.419,TRACKING,-372,85,-19.18,4.38,150.44,125.00,107.02,125.00,0.900,27.2
45.454,TRACKING,-372,87,-19.18,4.48,155.12,125.00,109.55,125.00,0.902,27.3
45.490,TRACKING,-374,88,-19.28,4.53,159.84,125.00,112.07,125.00,0.899,27.4
45.527,TRACKING,-375,88,-19.34,4.53,164.58,125.00,113.33,125.00,0.892,27.3
45.563,TRACKING,-376,88,-19.39,4.53,169.35,125.00,115.89,125.00,0.891,27.4
45.600,TRACKING,-370,88,-19.08,4.53,170.00,125.00,118.46,125.00,0.900,27.4
45.636,TRACKING,-374,87,-19.28,4.48,170.00,125.00,121.01,125.00,0.898,27.3
45.674,TRACKING,-376,87,-19.39,4.48,170.00,125.00,122.29,125.00,0.895,27.3
45.710,TRACKING,-377,86,-19.44,4.43,170.00,125.00,124.82,125.00,0.892,27.3
45.746,TRACKING,-370,87,-19.08,4.48,170.00,125.00,127.39,125.00,0.903,27.4
45.782,TRACKING,-367,87,-18.92,4.48,170.00,125.00,128.65,125.00,0.892,27.4
45.818,TRACKING,-357,89,-18.41,4.59,170.00,125.00,131.23,125.00,0.902,27.4
45.855,TRACKING,-355,90,-18.30,4.64,170.00,125.00,133.81,125.00,0.901,27.4
45.892,TRACKING,-341,91,-17.58,4.69,170.00,125.00,136.43,125.00,0.902,27.3
45.929,TRACKING,-331,97,-17.07,5.00,170.00,125.00,137.70,125.00,0.901,27.3
45.966,TRACKING,-320,92,-16.50,4.74,170.00,125.00,140.28,125.00,0.902,27.3
46.002,TRACKING,-312,94,-16.09,4.84,170.00,125.00,142.81,125.00,0.901,27.3
46.038,TRACKING,-283,98,-14.59,5.05,170.00,125.00,144.07,125.00,0.911,27.4
46.074,TRACKING,-267,101,-13.77,5.20,170.00,125.00,146.61,125.00,0.901,27.4
46.111,TRACKING,-250,100,-12.89,5.15,170.00,125.00,149.17,125.00,0.915,27.4
46.147,TRACKING,-241,103,-12.43,5.31,170.00,125.00,151.73,125.00,0.916,27.5
46.183,TRACKING,-227,109,-11.70,5.62,170.00,125.00,153.00,125.00,0.911,27.4
46.220,TRACKING,-207,108,-10.67,5.56,170.00,125.00,155.66,125.00,0.915,27.4
46.257,TRACKING,-186,110,-9.59,5.67,170.00,125.00,158.19,125.00,0.915,27.4
46.293,TRACKING,-168,109,-8.66,5.62,170.00,125.00,159.45,125.00,0.911,27.4
46.328,TRACKING,-132,106,-6.81,5.46,170.00,125.00,162.00,125.00,0.909,27.5
46.364,TRACKING,-114,105,-5.88,5.41,170.00,125.00,164.53,125.00,0.915,27.6
46.400,TRACKING,-95,104,-4.90,5.36,170.00,125.00,165.86,125.00,0.917,27.6
46.436,TRACKING,-82,103,-4.23,5.31,170.00,125.00,168.44,125.00,0.912,27.6
46.473,TRACKING,-63,102,-3.25,5.26,170.00,125.00,170.00,125.00,0.907,27.6
46.510,TRACKING,-48,101,-2.47,5.20,170.00,125.00,170.00,125.00,0.911,27.5
46.546,TRACKING,-33,102,-1.70,5.26,170.00,125.00,170.00,125.00,0.907,27.5
46.581,TRACKING,-7,100,-0.36,5.15,170.00,125.00,170.00,125.00,0.912,27.6
46.617,TRACKING,1,99,0.05,5.10,170.00,125.00,170.00,125.00,0.909,27.7
46.653,TRACKING,12,100,0.62,5.15,170.00,125.00,170.00,125.00,0.913,27.7
46.689,TRACKING,22,102,1.13,5.26,170.00,125.00,170.00,125.00,0.914,27.6
46.726,TRACKING,32,101,1.65,5.20,170.00,125.00,170.00,125.00,0.910,27.6
46.763,TRACKING,40,102,2.06,5.26,170.00,125.00,170.00,125.00,0.913,27.5
46.801,TRACKING,50,101,2.58,5.20,170.00,125.00,170.00,125.00,0.914,27.4
46.836,TRACKING,68,94,3.51,4.84,170.00,125.00,170.00,125.00,0.908,27.5
46.872,TRACKING,79,94,4.07,4.84,170.00,125.00,170.00,125.00,0.913,27.6
46.908,TRACKING,89,94,4.59,4.84,169.31,125.00,170.00,125.00,0.918,27.6
46.944,TRACKING,99,92,5.10,4.74,168.47,125.00,169.31,125.00,0.920,27.6
46.980,TRACKING,108,90,5.57,4.64,167.49,125.00,168.47,125.00,0.911,27.7
47.016,TRACKING,121,92,6.24,4.74,166.36,125.00,167.49,125.00,0.913,27.6
47.052,TRACKING,131,92,6.75,4.74,165.10,125.00,166.36,125.00,0.909,27.6
47.089,TRACKING,140,92,7.22,4.74,163.69,125.00,165.10,125.00,0.905,27.6
47.125,TRACKING,146,98,7.53,5.05,162.17,125.00,163.69,125.00,0.912,27.6
47.162,TRACKING,151,100,7.79,5.15,160.55,125.00,162.48,125.00,0.910,27.5
47.198,TRACKING,157,108,8.10,5.56,158.82,125.00,160.55,125.00,0.902,27.6
47.234,TRACKING,165,122,8.51,6.29,156.99,125.00,158.82,125.00,0.910,27.6
47.269,TRACKING,164,128,8.46,6.60,155.09,125.00,156.99,125.00,0.910,27.7
47.304,TRACKING,163,134,8.40,6.90,153.14,125.00,155.78,125.00,0.905,27.8
47.340,TRACKING,164,138,8.46,7.11,151.14,125.00,153.28,125.00,0.898,27.8
47.376,TRACKING,164,143,8.46,7.37,149.12,125.00,151.14,125.00,0.912,27.8
47.413,TRACKING,165,149,8.51,7.68,147.07,125.00,149.82,125.00,0.913,27.7
47.449,TRACKING,169,151,8.71,7.78,144.98,125.00,147.30,125.00,0.900,27.7
47.486,TRACKING,168,152,8.66,7.83,142.88,125.00,144.98,125.00,0.901,27.6
47.524,TRACKING,163,156,8.40,8.04,140.77,125.00,142.88,125.00,0.912,27.5
47.560,TRACKING,156,163,8.04,8.40,138.69,125.00,141.59,125.00,0.903,27.5
47.596,TRACKING,149,163,7.68,8.40,136.65,125.00,139.03,125.00,0.912,27.5
47.632,TRACKING,151,168,7.79,8.66,134.63,125.00,136.65,125.00,0.909,27.6
47.668,TRACKING,148,173,7.63,8.91,132.64,125.00,134.63,125.00,0.915,27.6
47.706,TRACKING,140,179,7.22,9.22,130.70,125.00,133.38,125.00,0.910,27.5
47.742,TRACKING,136,183,7.01,9.43,128.80,125.00,130.86,125.00,0.908,27.5
47.779,TRACKING,131,189,6.75,9.74,126.96,125.00,128.80,125.00,0.907,27.4
47.815,TRACKING,128,193,6.60,9.94,125.16,125.00,127.54,125.00,0.915,27.5
47.851,TRACKING,126,202,6.50,10.41,123.41,125.00,125.16,125.00,0.907,27.5
47.887,TRACKING,114,207,5.88,10.67,121.72,125.00,123.41,125.00,0.906,27.5
47.924,TRACKING,109,207,5.62,10.67,120.11,125.00,121.72,125.00,0.901,27.5
47.961,TRACKING,107,210,5.52,10.82,118.55,125.00,120.51,125.00,0.907,27.5
47.997,TRACKING,105,213,5.41,10.98,117.05,125.00,118.55,125.00,0.903,27.5
48.034,TRACKING,95,217,4.90,11.18,115.61,125.00,117.05,125.00,0.906,27.5
48.070,TRACKING,79,220,4.07,11.34,114.27,125.00,115.61,125.00,0.897,27.4
48.108,TRACKING,76,219,3.92,11.28,113.03,125.00,114.27,125.00,0.906,27.4
48.144,TRACKING,70,225,3.61,11.59,111.87,125.00,113.07,125.00,0.906,27.4
48.181,TRACKING,69,226,3.56,11.65,110.77,125.00,111.87,125.00,0.905,27.3
48.218,TRACKING,67,227,3.45,11.70,109.74,125.00,110.77,125.00,0.896,27.3
48.254,TRACKING,58,230,2.99,11.85,108.77,125.00,109.74,125.00,0.908,27.3
48.291,TRACKING,60,233,3.09,12.01,107.85,125.00,108.77,125.00,0.904,27.4
48.327,TRACKING,62,235,3.20,12.11,106.97,125.00,107.85,125.00,0.888,27.4
48.364,TRACKING,60,237,3.09,12.21,106.10,125.00,106.97,125.00,0.885,27.3
48.400,TRACKING,58,240,2.99,12.37,105.27,125.00,106.10,125.00,0.893,27.4
48.436,TRACKING,59,242,3.04,12.47,104.45,125.00,105.27,125.00,0.897,27.4
48.472,TRACKING,57,244,2.94,12.57,103.66,125.00,104.45,125.00,0.902,27.4
48.509,TRACKING,58,244,2.99,12.57,102.87,125.00,103.66,125.00,0.904,27.4
48.546,TRACKING,57,245,2.94,12.62,102.10,125.00,102.87,125.00,0.902,27.4
48.583,TRACKING,56,245,2.89,12.62,101.33,125.00,102.10,125.00,0.903,27.3
48.620,TRACKING,59,247,3.04,12.73,100.57,125.00,101.33,125.00,0.897,27.3
48.656,TRACKING,57,249,2.94,12.83,99.81,125.00,100.57,125.00,0.898,27.3
48.692,TRACKING,55,252,2.84,12.98,99.06,125.00,99.81,125.00,0.885,27.4
48.728,TRACKING,56,253,2.89,13.04,98.32,125.00,99.06,125.00,0.892,27.4
48.764,TRACKING,53,257,2.73,13.24,97.59,125.00,98.32,125.00,0.857,27.4
48.801,TRACKING,49,259,2.53,13.35,96.89,125.00,97.59,125.00,0.879,27.4
48.838,TRACKING,45,260,2.32,13.40,96.22,125.00,96.89,125.00,0.900,27.4
48.875,TRACKING,47,262,2.42,13.50,95.56,125.00,96.22,125.00,0.888,27.3
48.913,TRACKING,43,263,2.22,13.55,94.93,125.00,95.56,125.00,0.899,27.3
48.949,TRACKING,39,265,2.01,13.65,94.93,125.00,94.93,125.00,0.882,27.3
48.985,TRACKING,30,268,1.55,13.81,94.93,125.00,94.93,125.00,0.852,27.4
49.021,TRACKING,26,268,1.34,13.81,94.93,125.00,94.93,125.00,0.879,27.4
49.057,TRACKING,20,268,1.03,13.81,94.93,125.00,94.93,125.00,0.877,27.4
49.093,TRACKING,19,268,0.98,13.81,94.93,125.00,94.93,125.00,0.883,27.5
49.129,TRACKING,17,269,0.88,13.86,94.93,125.00,94.93,125.00,0.871,27.5
49.166,TRACKING,14,269,0.72,13.86,94.93,125.00,94.93,125.00,0.876,27.5
49.203,TRACKING,12,270,0.62,13.91,94.93,125.00,94.93,125.00,0.877,27.4
49.239,TRACKING,4,272,0.21,14.02,94.93,125.00,94.93,125.00,0.865,27.5
49.274,TRACKING,2,272,0.10,14.02,94.93,125.00,94.93,125.00,0.874,27.6
49.310,TRACKING,-1,272,-0.05,14.02,94.93,125.00,94.93,125.00,0.877,27.5
49.346,TRACKING,-4,273,-0.21,14.07,94.93,125.00,94.93,125.00,0.881,27.6
49.382,TRACKING,-5,274,-0.26,14.12,94.93,125.00,94.93,125.00,0.884,27.6
49.418,TRACKING,-8,274,-0.41,14.12,94.93,125.00,94.93,125.00,0.894,27.6
49.455,TRACKING,-9,275,-0.46,14.17,94.93,125.00,94.93,125.00,0.890,27.6
49.491,TRACKING,-9,277,-0.46,14.27,94.93,125.00,94.93,125.00,0.886,27.6
49.528,TRACKING,-10,277,-0.52,14.27,94.93,125.00,94.93,125.00,0.886,27.5
49.563,TRACKING,-10,276,-0.52,14.22,94.93,125.00,94.93,125.00,0.889,27.6
49.600,TRACKING,-10,277,-0.52,14.27,94.93,125.00,94.93,125.00,0.889,27.6
49.636,TRACKING,-9,277,-0.46,14.27,94.93,125.00,94.93,125.00,0.891,27.6
49.672,TRACKING,-9,278,-0.46,14.32,94.93,125.00,94.93,125.00,0.891,27.6
49.708,TRACKING,-8,277,-0.41,14.27,94.93,125.00,94.93,125.00,0.893,27.6
49.745,TRACKING,-8,276,-0.41,14.22,94.93,125.00,94.93,125.00,0.887,27.6
49.782,TRACKING,-8,276,-0.41,14.22,94.93,125.00,94.93,125.00,0.888,27.5
49.818,TRACKING,-7,276,-0.36,14.22,94.93,125.00,94.93,125.00,0.896,27.5
49.853,TRACKING,-5,276,-0.26,14.22,94.93,125.00,94.93,125.00,0.900,27.6
49.889,TRACKING,-5,275,-0.26,14.17,94.93,125.00,94.93,125.00,0.898,27.7
49.925,TRACKING,-3,276,-0.15,14.22,94.93,125.00,94.93,125.00,0.890,27.7
49.961,TRACKING,-3,276,-0.15,14.22,94.93,125.00,94.93,125.00,0.885,27.6
49.998,TRACKING,-2,275,-0.10,14.17,94.93,125.00,94.93,125.00,0.881,27.6
50.035,TRACKING,-1,275,-0.05,14.17,94.93,125.00,94.93,125.00,0.882,27.6
50.071,TRACKING,0,275,0.00,14.17,94.93,125.00,94.93,125.00,0.883,27.6
50.108,TRACKING,1,275,0.05,14.17,94.93,125.00,94.93,125.00,0.883,27.5
50.143,TRACKING,2,274,0.10,14.12,94.93,125.00,94.93,125.00,0.883,27.6
50.178,TRACKING,3,274,0.15,14.12,94.93,125.00,94.93,125.00,0.882,27.7
50.214,TRACKING,3,274,0.15,14.12,94.93,125.00,94.93,125.00,0.880,27.7
50.251,TRACKING,4,274,0.21,14.12,94.93,125.00,94.93,125.00,0.882,27.7
50.288,TRACKING,5,274,0.26,14.12,94.93,125.00,94.93,125.00,0.883,27.6
50.325,TRACKING,5,274,0.26,14.12,94.93,125.00,94.93,125.00,0.884,27.6
50.361,TRACKING,5,275,0.26,14.17,94.93,125.00,94.93,125.00,0.885,27.6
50.398,TRACKING,5,276,0.26,14.22,94.93,125.00,94.93,125.00,0.885,27.5
50.433,TRACKING,5,276,0.26,14.22,94.93,125.00,94.93,125.00,0.889,27.6
50.468,TRACKING,5,276,0.26,14.22,94.93,125.00,94.93,125.00,0.889,27.7
50.505,TRACKING,4,277,0.21,14.27,94.93,125.00,94.93,125.00,0.890,27.6
50.542,TRACKING,2,278,0.10,14.32,94.93,125.00,94.93,125.00,0.889,27.6
50.579,TRACKING,2,277,0.10,14.27,94.93,125.00,94.93,125.00,0.883,27.5
50.616,TRACKING,0,278,0.00,14.32,94.93,125.00,94.93,125.00,0.888,27.5
50.652,TRACKING,-3,279,-0.15,14.38,94.93,125.00,94.93,125.00,0.897,27.5
50.689,TRACKING,-5,281,-0.26,14.48,94.93,125.00,94.93,125.00,0.906,27.4
50.724,TRACKING,-8,286,-0.41,14.74,94.93,125.00,94.93,125.00,0.888,27.5
50.760,TRACKING,-9,290,-0.46,14.94,94.93,125.00,94.93,125.00,0.884,27.6
50.796,TRACKING,-12,294,-0.62,15.15,94.93,125.00,94.93,125.00,0.884,27.6
50.832,TRACKING,-15,300,-0.77,15.46,94.93,125.00,94.93,125.00,0.882,27.6
50.869,TRACKING,-14,306,-0.72,15.77,94.93,125.00,94.93,125.00,0.861,27.6
50.905,TRACKING,-14,313,-0.72,16.13,94.93,125.00,94.93,125.00,0.884,27.6
50.942,TRACKING,-14,319,-0.72,16.44,94.93,125.00,94.93,125.00,0.854,27.5
50.979,TRACKING,-15,329,-0.77,16.95,94.93,125.00,94.93,125.00,0.708,27.5
51.015,NO FACE,0,0,0.00,0.00,94.93,125.00,94.93,125.00,0.000,27.5
51.049,NO FACE,0,0,0.00,0.00,94.93,125.00,94.93,125.00,0.000,27.7
51.084,NO FACE,0,0,0.00,0.00,94.93,125.00,94.93,125.00,0.000,27.8
51.119,NO FACE,0,0,0.00,0.00,94.93,125.00,94.93,125.00,0.000,27.8
51.155,NO FACE,0,0,0.00,0.00,94.93,125.00,94.93,125.00,0.000,27.8
51.192,NO FACE,0,0,0.00,0.00,94.93,125.00,94.93,125.00,0.000,27.8
51.229,NO FACE,0,0,0.00,0.00,94.93,125.00,94.93,125.00,0.000,27.7
51.265,NO FACE,0,0,0.00,0.00,94.93,125.00,94.93,125.00,0.000,27.7
51.302,NO FACE,0,0,0.00,0.00,94.93,125.00,94.93,125.00,0.000,27.6
51.337,NO FACE,0,0,0.00,0.00,94.93,125.00,94.93,125.00,0.000,27.7
51.372,NO FACE,0,0,0.00,0.00,94.93,125.00,94.93,125.00,0.000,27.8
51.407,NO FACE,0,0,0.00,0.00,94.93,125.00,94.93,125.00,0.000,27.9
51.444,NO FACE,0,0,0.00,0.00,94.93,125.00,94.93,125.00,0.000,27.8
51.480,NO FACE,0,0,0.00,0.00,94.93,125.00,94.93,125.00,0.000,27.8
51.517,NO FACE,0,0,0.00,0.00,94.93,125.00,94.93,125.00,0.000,27.8
51.553,NO FACE,0,0,0.00,0.00,94.93,125.00,94.93,125.00,0.000,27.8
51.589,NO FACE,0,0,0.00,0.00,94.93,125.00,94.93,125.00,0.000,27.7
51.625,NO FACE,0,0,0.00,0.00,94.93,125.00,94.93,125.00,0.000,27.7
51.661,NO FACE,0,0,0.00,0.00,94.93,125.00,94.93,125.00,0.000,27.8
51.696,NO FACE,0,0,0.00,0.00,94.93,125.00,94.93,125.00,0.000,27.8
51.732,NO FACE,0,0,0.00,0.00,94.93,125.00,94.93,125.00,0.000,27.8
51.768,NO FACE,0,0,0.00,0.00,94.93,125.00,94.93,125.00,0.000,27.8
51.804,NO FACE,0,0,0.00,0.00,94.93,125.00,94.93,125.00,0.000,27.8
51.841,NO FACE,0,0,0.00,0.00,94.93,125.00,94.93,125.00,0.000,27.7
51.878,NO FACE,0,0,0.00,0.00,94.93,125.00,94.93,125.00,0.000,27.7
51.915,NO FACE,0,0,0.00,0.00,94.93,125.00,94.93,125.00,0.000,27.6
51.951,NO FACE,0,0,0.00,0.00,94.93,125.00,94.93,125.00,0.000,27.6
51.985,NO FACE,0,0,0.00,0.00,94.93,125.00,94.93,125.00,0.000,27.8
52.020,NO FACE,0,0,0.00,0.00,94.93,125.00,94.93,125.00,0.000,27.8
52.056,NO FACE,0,0,0.00,0.00,94.93,125.00,94.93,125.00,0.000,27.8
52.092,NO FACE,0,0,0.00,0.00,94.93,125.00,94.93,125.00,0.000,27.8
52.129,NO FACE,0,0,0.00,0.00,94.93,125.00,94.93,125.00,0.000,27.8
52.166,NO FACE,0,0,0.00,0.00,94.93,125.00,94.93,125.00,0.000,27.7
52.203,NO FACE,0,0,0.00,0.00,94.93,125.00,94.93,125.00,0.000,27.6
52.240,NO FACE,0,0,0.00,0.00,94.93,125.00,94.93,125.00,0.000,27.6
52.275,NO FACE,0,0,0.00,0.00,94.93,125.00,94.93,125.00,0.000,27.7
52.310,NO FACE,0,0,0.00,0.00,94.93,125.00,94.93,125.00,0.000,27.8
52.346,NO FACE,0,0,0.00,0.00,94.93,125.00,94.93,125.00,0.000,27.8
52.382,NO FACE,0,0,0.00,0.00,94.93,125.00,94.93,125.00,0.000,27.7
52.420,NO FACE,0,0,0.00,0.00,94.93,125.00,94.93,125.00,0.000,27.6
52.456,NO FACE,0,0,0.00,0.00,94.93,125.00,94.93,125.00,0.000,27.6
52.493,NO FACE,0,0,0.00,0.00,94.93,125.00,94.93,125.00,0.000,27.6
52.530,NO FACE,0,0,0.00,0.00,94.93,125.00,94.93,125.00,0.000,27.5
52.566,NO FACE,0,0,0.00,0.00,94.93,125.00,94.93,125.00,0.000,27.6
52.601,NO FACE,0,0,0.00,0.00,94.93,125.00,94.93,125.00,0.000,27.7
52.636,NO FACE,0,0,0.00,0.00,94.93,125.00,94.93,125.00,0.000,27.7
52.673,NO FACE,0,0,0.00,0.00,94.93,125.00,94.93,125.00,0.000,27.7
52.709,NO FACE,0,0,0.00,0.00,94.93,125.00,94.93,125.00,0.000,27.7
52.746,NO FACE,0,0,0.00,0.00,94.93,125.00,94.93,125.00,0.000,27.6
52.782,NO FACE,0,0,0.00,0.00,94.93,125.00,94.93,125.00,0.000,27.6
52.819,NO FACE,0,0,0.00,0.00,94.93,125.00,94.93,125.00,0.000,27.5
52.856,NO FACE,0,0,0.00,0.00,94.93,125.00,94.93,125.00,0.000,27.5
52.891,NO FACE,0,0,0.00,0.00,94.93,125.00,94.93,125.00,0.000,27.6
52.927,NO FACE,0,0,0.00,0.00,94.93,125.00,94.93,125.00,0.000,27.7
52.963,NO FACE,0,0,0.00,0.00,94.93,125.00,94.93,125.00,0.000,27.7
52.999,NO FACE,0,0,0.00,0.00,94.93,125.00,94.93,125.00,0.000,27.6
53.036,NO FACE,0,0,0.00,0.00,94.93,125.00,94.93,125.00,0.000,27.6
53.072,NO FACE,0,0,0.00,0.00,94.93,125.00,94.93,125.00,0.000,27.6
53.109,NO FACE,0,0,0.00,0.00,94.93,125.00,94.93,125.00,0.000,27.6
53.145,NO FACE,0,0,0.00,0.00,94.93,125.00,94.93,125.00,0.000,27.6
53.180,NO FACE,0,0,0.00,0.00,94.93,125.00,94.93,125.00,0.000,27.6
53.215,NO FACE,0,0,0.00,0.00,94.93,125.00,94.93,125.00,0.000,27.7
53.251,NO FACE,0,0,0.00,0.00,94.93,125.00,94.93,125.00,0.000,27.8
53.287,NO FACE,0,0,0.00,0.00,94.93,125.00,94.93,125.00,0.000,27.8
53.323,NO FACE,0,0,0.00,0.00,94.93,125.00,94.93,125.00,0.000,27.8
53.359,NO FACE,0,0,0.00,0.00,94.93,125.00,94.93,125.00,0.000,27.8
53.396,NO FACE,0,0,0.00,0.00,94.93,125.00,94.93,125.00,0.000,27.7
53.432,NO FACE,0,0,0.00,0.00,94.93,125.00,94.93,125.00,0.000,27.7
53.469,NO FACE,0,0,0.00,0.00,94.93,125.00,94.93,125.00,0.000,27.6
53.505,RECENTERING,0,0,0.00,0.00,90.00,90.00,94.93,125.00,0.000,27.6
53.542,RECENTERING,0,0,0.00,0.00,90.00,90.00,93.69,123.76,0.000,27.6
53.578,RECENTERING,0,0,0.00,0.00,90.00,90.00,92.44,122.51,0.000,27.6
53.614,RECENTERING,0,0,0.00,0.00,90.00,90.00,91.13,121.20,0.000,27.6
53.650,RECENTERING,0,0,0.00,0.00,90.00,90.00,90.49,120.56,0.000,27.6
53.687,RECENTERING,0,0,0.00,0.00,90.00,90.00,90.00,119.30,0.000,27.6
53.723,RECENTERING,0,0,0.00,0.00,90.00,90.00,90.00,118.07,0.000,27.6
53.760,RECENTERING,0,0,0.00,0.00,90.00,90.00,90.00,116.80,0.000,27.6
53.795,RECENTERING,0,0,0.00,0.00,90.00,90.00,90.00,116.19,0.000,27.6
53.830,RECENTERING,0,0,0.00,0.00,90.00,90.00,90.00,114.92,0.000,27.7
53.866,RECENTERING,0,0,0.00,0.00,90.00,90.00,90.00,113.68,0.000,27.7
53.902,RECENTERING,0,0,0.00,0.00,90.00,90.00,90.00,113.05,0.000,27.8
53.937,RECENTERING,0,0,0.00,0.00,90.00,90.00,90.00,111.81,0.000,27.8
53.973,RECENTERING,0,0,0.00,0.00,90.00,90.00,90.00,110.57,0.000,27.8
54.010,RECENTERING,0,0,0.00,0.00,90.00,90.00,90.00,109.30,0.000,27.7
54.047,RECENTERING,0,0,0.00,0.00,90.00,90.00,90.00,108.69,0.000,27.7
54.084,RECENTERING,0,0,0.00,0.00,90.00,90.00,90.00,107.44,0.000,27.6
54.119,RECENTERING,0,0,0.00,0.00,90.00,90.00,90.00,106.15,0.000,27.7
54.154,RECENTERING,0,0,0.00,0.00,90.00,90.00,90.00,105.51,0.000,27.8
54.188,RECENTERING,0,0,0.00,0.00,90.00,90.00,90.00,104.23,0.000,27.9
54.224,RECENTERING,0,0,0.00,0.00,90.00,90.00,90.00,103.00,0.000,28.0
54.260,RECENTERING,0,0,0.00,0.00,90.00,90.00,90.00,101.75,0.000,27.9
54.296,RECENTERING,0,0,0.00,0.00,90.00,90.00,90.00,101.15,0.000,27.9
54.332,RECENTERING,0,0,0.00,0.00,90.00,90.00,90.00,99.91,0.000,27.9
54.368,RECENTERING,0,0,0.00,0.00,90.00,90.00,90.00,98.66,0.000,27.8
54.404,RECENTERING,0,0,0.00,0.00,90.00,90.00,90.00,98.03,0.000,27.9
54.440,RECENTERING,0,0,0.00,0.00,90.00,90.00,90.00,96.80,0.000,27.8
54.476,RECENTERING,0,0,0.00,0.00,90.00,90.00,90.00,95.56,0.000,27.8
54.513,RECENTERING,0,0,0.00,0.00,90.00,90.00,90.00,94.32,0.000,27.8
54.549,RECENTERING,0,0,0.00,0.00,90.00,90.00,90.00,93.68,0.000,27.8
54.586,RECENTERING,0,0,0.00,0.00,90.00,90.00,90.00,92.45,0.000,27.7
54.622,RECENTERING,0,0,0.00,0.00,90.00,90.00,90.00,91.22,0.000,27.7
54.658,RECENTERING,0,0,0.00,0.00,90.00,90.00,90.00,90.00,0.000,27.7
54.695,RECENTERING,0,0,0.00,0.00,90.00,90.00,90.00,90.00,0.000,27.7
54.732,RECENTERING,0,0,0.00,0.00,90.00,90.00,90.00,90.00,0.000,27.6
54.767,RECENTERING,0,0,0.00,0.00,90.00,90.00,90.00,90.00,0.000,27.7
54.802,RECENTERING,0,0,0.00,0.00,90.00,90.00,90.00,90.00,0.000,27.8
54.836,RECENTERING,0,0,0.00,0.00,90.00,90.00,90.00,90.00,0.000,27.9
54.871,RECENTERING,0,0,0.00,0.00,90.00,90.00,90.00,90.00,0.000,28.0
54.907,RECENTERING,0,0,0.00,0.00,90.00,90.00,90.00,90.00,0.000,27.9
54.944,RECENTERING,0,0,0.00,0.00,90.00,90.00,90.00,90.00,0.000,27.9
54.980,RECENTERING,0,0,0.00,0.00,90.00,90.00,90.00,90.00,0.000,27.9
55.016,RECENTERING,0,0,0.00,0.00,90.00,90.00,90.00,90.00,0.000,27.8
55.052,RECENTERING,0,0,0.00,0.00,90.00,90.00,90.00,90.00,0.000,27.8
55.088,RECENTERING,0,0,0.00,0.00,90.00,90.00,90.00,90.00,0.000,27.9
55.122,RECENTERING,0,0,0.00,0.00,90.00,90.00,90.00,90.00,0.000,28.0
55.159,RECENTERING,0,0,0.00,0.00,90.00,90.00,90.00,90.00,0.000,27.9
55.194,RECENTERING,0,0,0.00,0.00,90.00,90.00,90.00,90.00,0.000,28.0
55.230,RECENTERING,0,0,0.00,0.00,90.00,90.00,90.00,90.00,0.000,27.9
55.267,RECENTERING,0,0,0.00,0.00,90.00,90.00,90.00,90.00,0.000,27.9
55.303,RECENTERING,0,0,0.00,0.00,90.00,90.00,90.00,90.00,0.000,27.8
55.340,RECENTERING,0,0,0.00,0.00,90.00,90.00,90.00,90.00,0.000,27.8
55.374,RECENTERING,0,0,0.00,0.00,90.00,90.00,90.00,90.00,0.000,27.9
55.409,RECENTERING,0,0,0.00,0.00,90.00,90.00,90.00,90.00,0.000,28.0
55.445,RECENTERING,0,0,0.00,0.00,90.00,90.00,90.00,90.00,0.000,27.9
55.481,RECENTERING,0,0,0.00,0.00,90.00,90.00,90.00,90.00,0.000,27.9
55.518,RECENTERING,0,0,0.00,0.00,90.00,90.00,90.00,90.00,0.000,27.8
55.555,RECENTERING,0,0,0.00,0.00,90.00,90.00,90.00,90.00,0.000,27.8
55.591,RECENTERING,0,0,0.00,0.00,90.00,90.00,90.00,90.00,0.000,27.8
55.627,RECENTERING,0,0,0.00,0.00,90.00,90.00,90.00,90.00,0.000,27.7
55.662,RECENTERING,0,0,0.00,0.00,90.00,90.00,90.00,90.00,0.000,27.9
55.697,RECENTERING,0,0,0.00,0.00,90.00,90.00,90.00,90.00,0.000,27.9
55.733,RECENTERING,0,0,0.00,0.00,90.00,90.00,90.00,90.00,0.000,27.9
55.769,RECENTERING,0,0,0.00,0.00,90.00,90.00,90.00,90.00,0.000,27.9
55.805,RECENTERING,0,0,0.00,0.00,90.00,90.00,90.00,90.00,0.000,27.9
55.841,RECENTERING,0,0,0.00,0.00,90.00,90.00,90.00,90.00,0.000,27.8
55.878,RECENTERING,0,0,0.00,0.00,90.00,90.00,90.00,90.00,0.000,27.8
55.914,RECENTERING,0,0,0.00,0.00,90.00,90.00,90.00,90.00,0.000,27.8
55.949,RECENTERING,0,0,0.00,0.00,90.00,90.00,90.00,90.00,0.000,27.8
55.985,RECENTERING,0,0,0.00,0.00,90.00,90.00,90.00,90.00,0.000,27.9
56.020,RECENTERING,0,0,0.00,0.00,90.00,90.00,90.00,90.00,0.000,27.9
56.056,RECENTERING,0,0,0.00,0.00,90.00,90.00,90.00,90.00,0.000,27.9
56.093,RECENTERING,0,0,0.00,0.00,90.00,90.00,90.00,90.00,0.000,27.8
56.129,RECENTERING,0,0,0.00,0.00,90.00,90.00,90.00,90.00,0.000,27.8
56.165,RECENTERING,0,0,0.00,0.00,90.00,90.00,90.00,90.00,0.000,27.8
56.200,RECENTERING,0,0,0.00,0.00,90.00,90.00,90.00,90.00,0.000,27.9
56.235,RECENTERING,0,0,0.00,0.00,90.00,90.00,90.00,90.00,0.000,27.9
56.270,RECENTERING,0,0,0.00,0.00,90.00,90.00,90.00,90.00,0.000,28.0
56.306,RECENTERING,0,0,0.00,0.00,90.00,90.00,90.00,90.00,0.000,28.0
56.342,RECENTERING,0,0,0.00,0.00,90.00,90.00,90.00,90.00,0.000,28.0
56.378,RECENTERING,0,0,0.00,0.00,90.00,90.00,90.00,90.00,0.000,28.0
56.414,RECENTERING,0,0,0.00,0.00,90.00,90.00,90.00,90.00,0.000,27.9
56.451,RECENTERING,0,0,0.00,0.00,90.00,90.00,90.00,90.00,0.000,27.9
56.487,RECENTERING,0,0,0.00,0.00,90.00,90.00,90.00,90.00,0.000,27.8
56.522,RECENTERING,0,0,0.00,0.00,90.00,90.00,90.00,90.00,0.000,27.9
56.558,RECENTERING,0,0,0.00,0.00,90.00,90.00,90.00,90.00,0.000,27.9
56.594,RECENTERING,0,0,0.00,0.00,90.00,90.00,90.00,90.00,0.000,27.9
56.630,RECENTERING,0,0,0.00,0.00,90.00,90.00,90.00,90.00,0.000,27.9
56.666,RECENTERING,0,0,0.00,0.00,90.00,90.00,90.00,90.00,0.000,27.9
56.702,RECENTERING,0,0,0.00,0.00,90.00,90.00,90.00,90.00,0.000,27.8
56.739,RECENTERING,0,0,0.00,0.00,90.00,90.00,90.00,90.00,0.000,27.8
56.774,RECENTERING,0,0,0.00,0.00,90.00,90.00,90.00,90.00,0.000,27.9
56.809,RECENTERING,0,0,0.00,0.00,90.00,90.00,90.00,90.00,0.000,27.9
56.845,RECENTERING,0,0,0.00,0.00,90.00,90.00,90.00,90.00,0.000,27.9
56.881,RECENTERING,0,0,0.00,0.00,90.00,90.00,90.00,90.00,0.000,27.9
56.917,RECENTERING,0,0,0.00,0.00,90.00,90.00,90.00,90.00,0.000,27.9
56.952,RECENTERING,0,0,0.00,0.00,90.00,90.00,90.00,90.00,0.000,27.9
56.989,SEARCHING,0,0,0.00,0.00,170.00,90.00,90.00,90.00,0.000,27.9
57.025,SEARCHING,0,0,0.00,0.00,170.00,90.00,91.21,90.00,0.000,27.9
57.060,SEARCHING,0,0,0.00,0.00,170.00,90.00,92.47,90.00,0.000,27.9
57.097,SEARCHING,0,0,0.00,0.00,170.00,90.00,93.71,90.00,0.000,27.9
57.133,SEARCHING,0,0,0.00,0.00,170.00,90.00,94.33,90.00,0.000,27.8
57.169,SEARCHING,0,0,0.00,0.00,170.00,90.00,95.57,90.00,0.000,27.8
57.206,SEARCHING,0,0,0.00,0.00,170.00,90.00,96.81,90.00,0.000,27.8
57.242,SEARCHING,0,0,0.00,0.00,170.00,90.00,98.05,90.00,0.000,27.8
57.278,SEARCHING,0,0,0.00,0.00,170.00,90.00,98.66,90.00,0.000,27.7
57.313,SEARCHING,0,0,0.00,0.00,170.00,90.00,99.95,90.00,0.000,27.8
57.349,SEARCHING,0,0,0.00,0.00,170.00,90.00,101.18,90.00,0.000,27.8
57.385,SEARCHING,0,0,0.00,0.00,170.00,90.00,101.82,90.00,0.000,27.8
57.421,SEARCHING,0,0,0.00,0.00,170.00,90.00,103.09,90.00,0.000,27.8
57.457,SEARCHING,0,0,0.00,0.00,170.00,90.00,104.32,90.00,0.000,27.8
57.493,SEARCHING,0,0,0.00,0.00,170.00,90.00,105.59,90.00,0.000,27.8
57.530,SEARCHING,0,0,0.00,0.00,170.00,90.00,106.20,90.00,0.000,27.7
57.565,SEARCHING,0,0,0.00,0.00,170.00,90.00,107.44,90.00,0.000,27.8
57.601,SEARCHING,0,0,0.00,0.00,170.00,90.00,108.72,90.00,0.000,27.8
57.638,SEARCHING,0,0,0.00,0.00,170.00,90.00,109.41,90.00,0.000,27.8
57.674,SEARCHING,0,0,0.00,0.00,170.00,90.00,110.64,90.00,0.000,27.7
57.710,SEARCHING,0,0,0.00,0.00,170.00,90.00,111.89,90.00,0.000,27.7
57.747,SEARCHING,0,0,0.00,0.00,170.00,90.00,113.13,90.00,0.000,27.7
57.782,SEARCHING,0,0,0.00,0.00,170.00,90.00,113.74,90.00,0.000,27.7
57.818,SEARCHING,0,0,0.00,0.00,170.00,90.00,115.02,90.00,0.000,27.7
57.855,SEARCHING,0,0,0.00,0.00,170.00,90.00,116.26,90.00,0.000,27.7
57.891,SEARCHING,0,0,0.00,0.00,170.00,90.00,117.51,90.00,0.000,27.7
57.927,SEARCHING,0,0,0.00,0.00,170.00,90.00,118.14,90.00,0.000,27.7
57.963,SEARCHING,0,0,0.00,0.00,170.00,90.00,119.37,90.00,0.000,27.7
57.999,SEARCHING,0,0,0.00,0.00,170.00,90.00,120.63,90.00,0.000,27.7
58.036,SEARCHING,0,0,0.00,0.00,170.00,90.00,121.87,90.00,0.000,27.7
58.072,SEARCHING,0,0,0.00,0.00,170.00,90.00,122.47,90.00,0.000,27.6
58.109,SEARCHING,0,0,0.00,0.00,170.00,90.00,123.74,90.00,0.000,27.6
58.145,SEARCHING,0,0,0.00,0.00,170.00,90.00,124.98,90.00,0.000,27.6
58.181,SEARCHING,0,0,0.00,0.00,170.00,90.00,126.24,90.00,0.000,27.6
58.218,TRACKING,203,332,10.47,17.11,167.38,93.42,126.89,90.00,0.869,27.6
58.254,TRACKING,212,326,10.93,16.80,164.72,96.83,129.37,92.49,0.874,27.6
58.291,TRACKING,212,324,10.93,16.70,162.05,100.22,132.12,95.24,0.886,27.6
58.327,TRACKING,233,301,12.01,15.51,159.29,103.53,133.42,96.53,0.859,27.6
58.363,TRACKING,242,263,12.48,13.55,156.44,106.70,136.04,99.16,0.838,27.6
58.399,TRACKING,250,240,12.89,12.37,153.50,109.69,138.72,101.84,0.824,27.6
58.436,TRACKING,253,222,13.05,11.44,150.47,112.51,140.02,103.14,0.846,27.6
58.474,TRACKING,257,189,13.25,9.74,147.38,115.11,142.71,105.83,0.778,27.5
58.510,TRACKING,273,126,14.08,6.49,144.17,117.39,145.37,108.48,0.862,27.4
58.546,TRACKING,284,101,14.64,5.20,140.85,119.35,144.17,109.78,0.859,27.5
58.583,TRACKING,297,73,15.31,3.76,137.40,121.02,141.44,112.51,0.838,27.5
58.619,TRACKING,301,39,15.52,2.01,133.85,122.37,140.11,113.84,0.753,27.5
58.656,TRACKING,298,15,15.37,0.77,130.22,123.42,137.47,116.48,0.864,27.5
58.693,TRACKING,302,-14,15.57,-0.72,126.53,124.18,134.86,119.09,0.798,27.4
58.729,TRACKING,297,-51,15.31,-2.63,122.80,124.18,133.51,120.45,0.776,27.4
58.766,NO FACE,0,0,0.00,0.00,122.80,124.18,130.83,123.13,0.000,27.4
58.802,NO FACE,0,0,0.00,0.00,122.80,124.18,128.17,124.18,0.000,27.4
58.838,NO FACE,0,0,0.00,0.00,122.80,124.18,126.88,124.18,0.000,27.5
58.878,TRACKING,344,-190,17.74,-9.79,118.89,124.18,124.30,124.18,0.842,27.2
58.920,TRACKING,360,-197,18.56,-10.15,114.80,123.54,121.78,124.18,0.897,26.9
58.960,TRACKING,384,-198,19.80,-10.20,110.49,122.56,119.20,123.54,0.884,26.7
59.000,TRACKING,425,-209,21.91,-10.77,105.89,121.29,116.51,122.56,0.872,26.5
59.037,TRACKING,456,-212,23.51,-10.92,100.97,119.78,115.21,121.29,0.875,26.6
59.075,TRACKING,471,-224,24.29,-11.54,95.75,118.07,112.48,119.78,0.873,26.6
59.113,TRACKING,498,-217,25.68,-11.18,90.24,116.24,109.85,118.07,0.883,26.5
59.149,TRACKING,508,-210,26.19,-10.82,84.47,114.31,107.17,116.24,0.897,26.6
59.185,TRACKING,513,-187,26.45,-9.64,78.48,112.39,105.92,114.98,0.869,26.7
59.222,TRACKING,530,-186,27.33,-9.58,72.29,110.47,103.29,112.39,0.876,26.8
59.257,TRACKING,536,-161,27.64,-8.30,65.91,108.61,101.92,111.02,0.715,26.9
59.292,TRACKING,516,-158,26.61,-8.14,59.46,106.81,99.28,108.61,0.767,27.1
59.327,TRACKING,545,-163,28.10,-8.40,52.87,105.04,96.49,106.81,0.681,27.3
59.362,NO FACE,0,0,0.00,0.00,52.87,105.04,95.24,105.56,0.000,27.4
59.397,NO FACE,0,0,0.00,0.00,52.87,105.04,92.68,105.04,0.000,27.5
59.433,TRACKING,571,-97,29.44,-5.00,46.09,103.46,90.16,105.04,0.719,27.5
59.469,TRACKING,576,-95,29.70,-4.90,39.14,102.04,88.90,103.79,0.732,27.6
59.506,NO FACE,0,0,0.00,0.00,39.14,102.04,86.24,102.04,0.000,27.5
59.542,NO FACE,0,0,0.00,0.00,39.14,102.04,83.64,102.04,0.000,27.5
59.578,TRACKING,576,-60,29.70,-3.09,32.08,100.81,82.38,102.04,0.705,27.5
59.615,TRACKING,580,-59,29.91,-3.04,24.91,99.74,79.83,100.81,0.720,27.5
59.651,TRACKING,579,-52,29.85,-2.68,17.67,98.80,77.28,99.74,0.696,27.5
59.687,TRACKING,574,-40,29.60,-2.06,10.38,97.99,76.01,98.80,0.737,27.6
59.723,TRACKING,573,-30,29.55,-1.55,10.00,97.31,73.31,97.99,0.776,27.6
59.759,TRACKING,574,-23,29.60,-1.19,10.00,96.74,70.80,97.31,0.743,27.6
59.795,TRACKING,573,-5,29.55,-0.26,10.00,96.74,69.54,96.74,0.706,27.6
59.832,TRACKING,570,-1,29.39,-0.05,10.00,96.74,66.92,96.74,0.830,27.6
59.868,TRACKING,568,11,29.29,0.57,10.00,96.74,64.37,96.74,0.776,27.6
59.904,TRACKING,566,24,29.18,1.24,10.00,96.74,61.81,96.74,0.870,27.6
59.940,TRACKING,566,24,29.18,1.24,10.00,96.74,60.56,96.74,0.880,27.6
59.975,TRACKING,565,29,29.13,1.49,10.00,96.74,58.03,96.74,0.851,27.7
60.010,TRACKING,549,22,28.31,1.13,10.00,96.74,56.75,96.74,0.866,27.8
60.044,TRACKING,547,23,28.20,1.19,10.00,96.74,54.24,96.74,0.884,27.9
60.080,TRACKING,546,31,28.15,1.60,10.00,96.74,51.70,96.74,0.877,27.9
60.117,TRACKING,547,37,28.20,1.91,10.00,96.74,49.16,96.74,0.866,27.8
60.155,TRACKING,546,50,28.15,2.58,10.00,96.74,47.80,96.74,0.843,27.7
60.192,TRACKING,549,44,28.31,2.27,10.00,96.74,45.28,96.74,0.873,27.6
60.231,TRACKING,549,47,28.31,2.42,10.00,96.74,42.73,96.74,0.877,27.5
60.269,TRACKING,543,48,28.00,2.47,10.00,96.74,40.18,96.74,0.894,27.3
60.306,TRACKING,535,43,27.59,2.22,10.00,96.74,38.91,96.74,0.893,27.3
60.344,TRACKING,534,50,27.53,2.58,10.00,96.74,36.34,96.74,0.883,27.2
60.382,TRACKING,528,43,27.22,2.22,10.00,96.74,33.79,96.74,0.888,27.1
60.421,TRACKING,528,47,27.22,2.42,10.00,96.74,31.22,96.74,0.891,27.0
60.460,TRACKING,526,46,27.12,2.37,10.00,96.74,28.68,96.74,0.886,26.8
60.499,TRACKING,526,48,27.12,2.47,10.00,96.74,27.41,96.74,0.890,26.7
60.538,TRACKING,523,43,26.97,2.22,10.00,96.74,24.88,96.74,0.888,26.6
60.577,TRACKING,509,46,26.25,2.37,10.00,96.74,22.35,96.74,0.866,26.5
60.618,TRACKING,509,51,26.25,2.63,10.00,96.74,19.83,96.74,0.881,26.3
60.656,TRACKING,509,50,26.25,2.58,10.00,96.74,17.27,96.74,0.884,26.3
60.695,TRACKING,507,47,26.14,2.42,10.00,96.74,14.70,96.74,0.883,26.2
60.735,TRACKING,501,52,25.83,2.68,10.00,97.24,12.09,96.74,0.879,26.1
60.775,TRACKING,506,50,26.09,2.58,10.00,97.75,10.83,97.24,0.875,26.0
60.814,TRACKING,505,51,26.04,2.63,10.00,98.26,10.00,97.75,0.879,25.9
60.855,TRACKING,504,62,25.99,3.19,10.00,98.81,10.00,98.26,0.882,25.8
60.893,TRACKING,498,57,25.68,2.94,10.00,99.36,10.00,98.81,0.881,25.8
60.933,TRACKING,508,60,26.19,3.09,10.00,99.93,10.00,99.36,0.845,25.8
60.973,TRACKING,504,45,25.99,2.32,10.00,100.48,10.00,99.93,0.868,25.7
61.013,TRACKING,507,42,26.14,2.16,10.00,101.00,10.00,100.48,0.878,25.6
61.053,TRACKING,508,38,26.19,1.96,10.00,101.00,10.00,101.00,0.882,25.6
61.094,TRACKING,510,39,26.30,2.01,10.00,101.00,10.00,101.00,0.874,25.4
61.133,TRACKING,504,16,25.99,0.82,10.00,101.00,10.00,101.00,0.887,25.4
61.174,TRACKING,505,16,26.04,0.82,10.00,101.00,10.00,101.00,0.891,25.4
61.214,TRACKING,506,16,26.09,0.82,10.00,101.00,10.00,101.00,0.893,25.3
61.256,TRACKING,506,16,26.09,0.82,10.00,101.00,10.00,101.00,0.894,25.2
61.297,TRACKING,503,15,25.94,0.77,10.00,101.00,10.00,101.00,0.890,25.1
61.337,TRACKING,501,13,25.83,0.67,10.00,101.00,10.00,101.00,0.891,25.1
61.377,TRACKING,501,12,25.83,0.62,10.00,101.00,10.00,101.00,0.891,25.0
61.418,TRACKING,498,13,25.68,0.67,10.00,101.00,10.00,101.00,0.886,25.0
61.459,TRACKING,494,11,25.47,0.57,10.00,101.00,10.00,101.00,0.886,24.9
